Workbook
Name NativeTimeline_Date: #N/A
Name Slicer_Period_Type: #N/A
Name Slicer_Period_Type1: #N/A
Name Slicer_Status: #N/A
Name Slicer_Status1: #N/A
Name Slicer_Type: #N/A
Name Slicer_Type1: #N/A
Name Timeline_Date: #N/A

Sheet Sheet1

Sheet Sheet4
A7: Comansate value USD per year
A8: Comansate value SDG per year
A21: Comparing Claim Value By year VS compansate value

Sheet Sheet5
A3: Row Labels | B3: Sum of Compensation Value USD | C3: Sum of Claim Value USD | D3: Sum of % Compansation
A4: 2024 | B4: 1682.28 | C4: 3263.479 | D4: 0.51548669
A5: 2025 | B5: 6554.36 | C5: 26749.059 | D5: 0.24503142
A6: 2026 | B6: 0 | C6: 18596.826 | D6: 0
A7: Grand Total | B7: 8236.64 | C7: 48609.365 | D7: 0.16944554

Sheet Summary
A1: Date | B1: Season | C1: Month | D1: Year | E1: Case Number | F1: BL NO. | G1: WH | H1: Location | I1: Product | J1: Product Description | K1: Owner | L1: Initial Quantity | M1: Claim Quantity | N1: Adjusted Quantity | O1: NC number | P1: Torn QTY | Q1: loss | R1: Sound from Torn QTY | S1: Unit | T1: Cause of Loss | U1: Insurance Type | V1: Type | W1: Detailed Description | X1: Available documents | Y1: Unit Cost USD | Z1: Total Value USD | AA1: Unit Cost - SDG | AB1: Total Value SDG | AC1: STD Cost-SDG | AD1: STD Value-SDG | AE1: Compensation Value | AF1: Exchange Rate | AG1: Compensation Status | AH1: System Status | AI1: Follow Up Person | AJ1: Period Type | AK1: Report by | AL1: Remark | AM1: Claim Status | AN1: Status | AO1: Status Update | AP1: Claim Value SDG | AQ1: Claim Value USD | AR1: Compensation Value USD | AS1: Different | AT1: % of different | AU1: Remark of different | AV1: Remark
A2: 45603 | B2: S7 | C2: =TEXT(A2,"MMM") -> Nov | D2: =YEAR(A2) -> 2024 | E2: 1 | F2: 3100033205A | G2: XI | H2: PZU-Bond area | I2: LE0001 | J2: LENTIL TAT 20KG | L2: 0 | M2: =VLOOKUP(Table1[[#This Row],[BL NO.]],'BL NCs'!$E$3:$K$78,7,0) -> 0 | N2: 0 | O2: Zero QTY | P2: 0 | Q2: 0 | R2: =Table1[[#This Row],[Torn QTY]]-Table1[[#This Row],[loss]] -> 0 | S2: 20KG BAGS | T2: Import Container Damage/Short | U2: Marine Insurance | V2: Import | W2: Final inspection report, which confirms that there are no damaged bags as previously reported Container NO:FYCU7233921, BL NO:3100033205A | X2: CIS report | Y2: 0 | Z2: =Y2*M2 -> 0 | AA2: 0 | AB2: =AA2*M2 -> 0 | AC2: 0 | AD2: =AC2*M2 -> 0 | AE2: =AR2 -> 0 | AF2: 0 | AG2: No claim required (Zero loss) | AH2: N/A | AI2: Ajay/Limitz | AJ2: Post-War | AK2: Rawan | AM2: Accept | AN2: Close | AO2: No cargo damage | AQ2: =Z2 -> 0 | AR2: 0 | AS2: =AQ2-AR2 -> 0 | AT2: =(AR2/AQ2-1)*-1 -> #DIV/0! | AU2: No cargo damage
A3: 45603 | B3: S7 | C3: =TEXT(A3,"MMM") -> Nov | D3: =YEAR(A3) -> 2024 | E3: 2 | F3: XERNSAPSZU14324. | G3: XI | H3: PZU-Bond area | I3: RC0004 | J3: RICE LONG ELNGM 20K | L3: 215 | M3: =VLOOKUP(Table1[[#This Row],[BL NO.]],'BL NCs'!$E$3:$K$78,7,0) -> 215 | N3: 0 | O3: Not found | P3: 0 | Q3: 0 | R3: =Table1[[#This Row],[Torn QTY]]-Table1[[#This Row],[loss]] -> 0 | S3: 20KG BAGS | T3: Import Container Damage/Short | U3: Marine Insurance | V3: Import | W3: Shipment arrived Bond Area, container NO: JZPU1111481, BL XERNSAPSZU14324. The damage quantity of rice in 20kg bags is (215 bags 20KG) noted in wet and damage condition. We have received 50% of claim amount after the standard deduction (as per the policy) from insurance company. From insurance side they have made payment and closed their file, amount received is $1248. | X3: CIS report/Photo | Y3: 11.609302 | Z3: =M3*Y3 -> 2496 | AA3: 34000 | AB3: =AA3*M3 -> 7310000 | AC3: 30750 | AD3: =AC3*M3 -> 6611250 | AE3: =AR3 -> 1248 | AF3: 2372 | AG3: Compensated | AH3: Adjusted | AI3: Ajay/Shijil | AJ3: Post-War | AK3: Rawan | AM3: Accept | AN3: Close | AO3: Insurance compensation | AQ3: =2496 -> 2496 | AR3: 1248 | AS3: =AQ3-AR3 -> 1248 | AT3: =(AR3/AQ3-1)*-1 -> 0.5 | AU3: As Shijil Email, We have received 50% of claim amount after the standard deduction (as per the policy) from insurance company.
A4: 45630 | B4: S7 | C4: =TEXT(A4,"MMM") -> Dec | D4: =YEAR(A4) -> 2024 | E4: 3 | F4: 245672578 | G4: XI | H4: PZU-Bond area | I4: LE0001 | J4: LENTIL TAT 20KG | L4: 0 | M4: =VLOOKUP(Table1[[#This Row],[BL NO.]],'BL NCs'!$E$3:$K$78,7,0) -> 0 | N4: 0 | O4: Zero QTY | P4: 0 | Q4: 0 | R4: =Table1[[#This Row],[Torn QTY]]-Table1[[#This Row],[loss]] -> 0 | S4: 20KG BAGS | T4: Import Container Damage/Short | U4: Marine Insurance | V4: Import | W4: Final inspection report, which confirms that there are no damaged bags as previously reported Container NO: CAAU6382276 /BL 245672578 | X4: CIS report | Y4: 0 | Z4: =Y4*M4 -> 0 | AA4: 0 | AB4: =AA4*M4 -> 0 | AC4: 0 | AD4: =AC4*M4 -> 0 | AE4: =AR4 -> 0 | AF4: 0 | AG4: No claim required (Zero loss) | AH4: N/A | AI4: Ajay/Limitz | AJ4: Post-War | AK4: Rawan | AM4: Accept | AN4: Close | AO4: No cargo damage | AQ4: =Z4 -> 0 | AR4: 0 | AS4: =AQ4-AR4 -> 0 | AT4: =(AR4/AQ4-1)*-1 -> #DIV/0! | AU4: No cargo damage
A5: 45630 | B5: S7 | C5: =TEXT(A5,"MMM") -> Dec | D5: =YEAR(A5) -> 2024 | E5: 4 | F5: 245672856 | G5: XI | H5: PZU-Bond area | I5: LE0001 | J5: LENTIL TAT 20KG | L5: 0 | M5: =VLOOKUP(Table1[[#This Row],[BL NO.]],'BL NCs'!$E$3:$K$78,7,0) -> 0 | N5: 0 | O5: Zero QTY | P5: 0 | Q5: 0 | R5: =Table1[[#This Row],[Torn QTY]]-Table1[[#This Row],[loss]] -> 0 | S5: 20KG BAGS | T5: Import Container Damage/Short | U5: Marine Insurance | V5: Import | W5: Final inspection report, which confirms that there are no damaged bags as previously reported Container NO:MSKU0899606 /BL 245672856 | X5: CIS report | Y5: 0 | Z5: =Y5*M5 -> 0 | AA5: 0 | AB5: =AA5*M5 -> 0 | AC5: 0 | AD5: =AC5*M5 -> 0 | AE5: =AR5 -> 0 | AF5: 0 | AG5: No claim required (Zero loss) | AH5: N/A | AI5: Ajay/Limitz | AJ5: Post-War | AK5: Rawan | AM5: Accept | AN5: Close | AO5: No cargo damage | AQ5: =Z5 -> 0 | AR5: 0 | AS5: =AQ5-AR5 -> 0 | AT5: =(AR5/AQ5-1)*-1 -> #DIV/0! | AU5: No cargo damage
A6: 45630 | B6: S7 | C6: =TEXT(A6,"MMM") -> Dec | D6: =YEAR(A6) -> 2024 | E6: 4 | F6: 245672856 | G6: XI | H6: PZU-Bond area | I6: LE0001 | J6: LENTIL TAT 20KG | L6: 21 | M6: 21 | N6: 0 | O6: Not found | P6: 0 | Q6: 0 | R6: =Table1[[#This Row],[Torn QTY]]-Table1[[#This Row],[loss]] -> 0 | S6: 20KG BAGS | T6: Import Container Damage/Short | U6: Marine Insurance | V6: Import | W6: Shipment arrived Bond Area, Container NO: MVIU0022134 /BL 245672856-The damage quantity of rice in 20kg bags is (21 bags 20KG), having received 434,28 USD being the insurance claim amount. | X6: CIS report/LOP | Y6: 20.68 | Z6: =Y6*M6 -> 434.28 | AA6: =Y6*AF6 -> 48598 | AB6: =AA6*M6 -> 1020558 | AC6: 47408.368 | AD6: =AC6*M6 -> 995575.74 | AE6: =AR6 -> 434.28 | AF6: 2350 | AG6: Compensated | AH6: Adjusted | AI6: Ajay/Limitz | AJ6: Post-War | AK6: Rawan | AM6: Accept | AN6: Close | AO6: Insurance compensation | AQ6: 434.28 | AR6: 434.28 | AS6: =AQ6-AR6 -> 0 | AT6: =(AR6/AQ6-1)*-1 -> 0 | AU6: Insurance compensated
A7: 45636 | B7: S7 | C7: =TEXT(A7,"MMM") -> Dec | D7: =YEAR(A7) -> 2024 | E7: 5 | F7: XERNSAPSZU1462425 | G7: XI | H7: PZU-Bond area | I7: RC0004 | J7: RICE LONG ELNGM 20K | L7: 25 | M7: =VLOOKUP(Table1[[#This Row],[BL NO.]],'BL NCs'!$E$3:$K$78,7,0) -> 25 | N7: 0 | O7: Not found | P7: 0 | Q7: 0 | R7: =Table1[[#This Row],[Torn QTY]]-Table1[[#This Row],[loss]] -> 0 | S7: 20KG BAGS | T7: Import Container Damage/Short | U7: Marine Insurance | V7: Import | W7: Shipment arrived Bond Area, Container NO:TEMU4187019 /BL XERNSAPSZU1462425 (14 bags), XERNSAPSZU1472425(11 bags) Total (25 bags). The damage quantity of rice in 20kg bags is 25 bags 20KG), case reject There is 0.5% excess payable for each claim (in this case $1826.55). Claim Value of 25 bags is less than 0.5% excess value hence insurance company has closed the file. | X7: CIS report/LOP | Y7: 13.327962 | Z7: =Y7*M7 -> 333.19904 | AA7: 31320.71 | AB7: =AA7*M7 -> 783017.75 | AC7: 29520.555 | AD7: =AC7*M7 -> 738013.89 | AE7: =AR7 -> 0 | AF7: 2350 | AG7: Loss | AH7: Adjusted | AI7: Ajay/Shijil | AJ7: Post-War | AK7: Rawan | AM7: Accept | AN7: Close | AO7: Less than deductible | AQ7: =Z7 -> 333.19904 | AR7: 0 | AS7: =AQ7-AR7 -> 333.19904 | AT7: =(AR7/AQ7-1)*-1 -> 1 | AU7: Less than deductible (0.5%)
A8: 45682 | B8: S7 | C8: =TEXT(A8,"MMM") -> Jan | D8: =YEAR(A8) -> 2025 | E8: 6 | F8: 247070297 | G8: XI | H8: PZU | I8: LE0001 | J8: LENTIL TAT 20KG | L8: 45 | M8: =VLOOKUP(Table1[[#This Row],[BL NO.]],'BL NCs'!$E$3:$K$78,7,0) -> 45 | N8: 0 | O8: Short | P8: 0 | Q8: 0 | R8: =Table1[[#This Row],[Torn QTY]]-Table1[[#This Row],[loss]] -> 0 | S8: 20KG BAGS | T8: Import Container Damage/Short | U8: Marine Insurance | V8: Import | W8: 45 bags found shortage at container BL:247070297 - MAEU247070297 | X8: CIS report/LOP | Y8: 20.135917 | Z8: =Y8*M8 -> 906.11628 | AA8: 52000 | AB8: =AA8*M8 -> 2340000 | AC8: 48417.057 | AD8: =AC8*M8 -> 2178767.6 | AE8: =AR8 -> 0 | AF8: 2582.45 | AG8: Pending | AH8: Adjusted | AI8: Ajay/Limitz | AJ8: Post-War | AK8: Rawan | AM8: Pending | AN8: Pending | AO8: Case submitted/ Waiting Insurance feedback | AQ8: =Z8 -> 906.11628 | AR8: 0 | AS8: =AQ8-AR8 -> 906.11628 | AT8: =(AR8/AQ8-1)*-1 -> 1 | AU8: Waiting Feedback
A9: 45701 | B9: S7 | C9: =TEXT(A9,"MMM") -> Feb | D9: =YEAR(A9) -> 2025 | E9: 7 | F9: 248620904 | G9: XI | H9: PZU-Bond area | I9: LE0001 | J9: LENTIL TAT 20KG | L9: 54 | M9: =VLOOKUP(Table1[[#This Row],[BL NO.]],'BL NCs'!$E$3:$K$78,7,0) -> 54 | N9: 0 | O9: Short | P9: 0 | Q9: 0 | R9: =Table1[[#This Row],[Torn QTY]]-Table1[[#This Row],[loss]] -> 0 | S9: 20KG BAGS | T9: Import Container Damage/Short | U9: Marine Insurance | V9: Import | W9: 54 bags found shortage at container BL:248620904. Delivered DN and insurance compansate. | X9: CIS report/LOP | Y9: 20.02 | Z9: =Y9*M9 -> 1081.08 | AA9: 51700.649 | AB9: =AA9*M9 -> 2791835 | AC9: 52451.812 | AD9: =AC9*M9 -> 2832397.8 | AE9: =AR9 -> 1081.08 | AF9: 2582.45 | AG9: Compensated | AH9: Adjusted | AI9: Ajay/Limitz | AJ9: Post-War | AK9: Rawan | AM9: Accept | AN9: Close | AO9: Insurance compensation | AQ9: =Z9 -> 1081.08 | AR9: 1081.08 | AS9: =AQ9-AR9 -> 0 | AT9: =(AR9/AQ9-1)*-1 -> 0 | AU9: Insurance compensated
A10: 45703 | B10: S7 | C10: =TEXT(A10,"MMM") -> Feb | D10: =YEAR(A10) -> 2025 | E10: 8 | F10: 248619667 | G10: XI | H10: PZU-Bond area | I10: LE0001 | J10: LENTIL TAT 20KG | L10: 107 | M10: =VLOOKUP(Table1[[#This Row],[BL NO.]],'BL NCs'!$E$3:$K$78,7,0) -> 107 | N10: 0 | O10: Short | P10: 0 | Q10: 0 | R10: =Table1[[#This Row],[Torn QTY]]-Table1[[#This Row],[loss]] -> 0 | S10: 20KG BAGS | T10: Import Container Damage/Short | U10: Marine Insurance | V10: Import | W10: 107 bags found shortage at container BL:248619667. Delivered DN and insurance compansate. | X10: CIS report/LOP | Y10: 20.02 | Z10: =Y10*M10 -> 2142.14 | AA10: 51700.649 | AB10: =AA10*M10 -> 5531969.4 | AC10: 52451.812 | AD10: =AC10*M10 -> 5612343.9 | AE10: =AR10 -> 2142.14 | AF10: 2582.45 | AG10: Compensated | AH10: Adjusted | AI10: Ajay/Limitz | AJ10: Post-War | AK10: Rawan | AM10: Accept | AN10: Close | AO10: Insurance compensation | AQ10: =Z10 -> 2142.14 | AR10: 2142.14 | AS10: =AQ10-AR10 -> 0 | AT10: =(AR10/AQ10-1)*-1 -> 0 | AU10: Insurance compensated
A11: 45713 | B11: S7 | C11: =TEXT(A11,"MMM") -> Feb | D11: =YEAR(A11) -> 2025 | E11: 9 | F11: 248620255 | G11: XI | H11: PZU-Bond area | I11: LE0001 | J11: LENTIL TAT 20KG | L11: 55 | M11: =VLOOKUP(Table1[[#This Row],[BL NO.]],'BL NCs'!$E$3:$K$78,7,0) -> 55 | N11: 0 | O11: Short | P11: 0 | Q11: 0 | R11: =Table1[[#This Row],[Torn QTY]]-Table1[[#This Row],[loss]] -> 0 | S11: 20KG BAGS | T11: Import Container Damage/Short | U11: Marine Insurance | V11: Import | W11: 55 bags found shortage at container BL:248620255. Delivered DN and insurance compansate. | X11: CIS report/LOP | Y11: =Z11/M11 -> 20.02 | Z11: 1101.1 | AA11: 51700.649 | AB11: =AA11*M11 -> 2843535.7 | AC11: 52451.812 | AD11: =AC11*M11 -> 2884849.7 | AE11: =AR11 -> 1101.1 | AF11: 2582.45 | AG11: Compensated | AH11: Adjusted | AI11: Ajay/Limitz | AJ11: Post-War | AK11: Rawan | AM11: Accept | AN11: Close | AO11: Insurance compensation | AQ11: =Z11 -> 1101.1 | AR11: 1101.1 | AS11: =AQ11-AR11 -> 0 | AT11: =(AR11/AQ11-1)*-1 -> 0 | AU11: Insurance compensated
A12: 45714 | B12: S7 | C12: =TEXT(A12,"MMM") -> Feb | D12: =YEAR(A12) -> 2025 | E12: 10 | F12: 248621429 | G12: XI | H12: PZU-Bond area | I12: LE0001 | J12: LENTIL TAT 20KG | L12: 30 | M12: =VLOOKUP(Table1[[#This Row],[BL NO.]],'BL NCs'!$E$3:$K$78,7,0) -> 30 | N12: 0 | O12: Short | P12: 0 | Q12: 0 | R12: =Table1[[#This Row],[Torn QTY]]-Table1[[#This Row],[loss]] -> 0 | S12: 20KG BAGS | T12: Import Container Damage/Short | U12: Marine Insurance | V12: Import | W12: 30 bags found shortage at container BL:248621429. Delivered DN and insurance compansate. | X12: CIS report/LOP | Y12: =Z12/M12 -> 20 | Z12: 600 | AA12: =Y12*AF12 -> 51649 | AB12: =AA12*M12 -> 1549470 | AC12: 52451.812 | AD12: =AC12*M12 -> 1573554.4 | AE12: =AR12 -> 600 | AF12: 2582.45 | AG12: Compensated | AH12: Adjusted | AI12: Ajay/Limitz | AJ12: Post-War | AK12: Rawan | AM12: Accept | AN12: Close | AO12: Insurance compensation | AQ12: =Z12 -> 600 | AR12: 600 | AS12: =AQ12-AR12 -> 0 | AT12: =(AR12/AQ12-1)*-1 -> 0 | AU12: Insurance compensated
A13: 45722 | B13: S7 | C13: =TEXT(A13,"MMM") -> Mar | D13: =YEAR(A13) -> 2025 | E13: 11 | F13: 248622146 | G13: E2 | H13: PZU | I13: LE0001 | J13: LENTIL TAT 20KG | L13: 62 | M13: =VLOOKUP(Table1[[#This Row],[BL NO.]],'BL NCs'!$E$3:$K$78,7,0) -> 62 | O13: Short | P13: 0 | Q13: 0 | R13: =Table1[[#This Row],[Torn QTY]]-Table1[[#This Row],[loss]] -> 0 | S13: 20KG BAGS | T13: Import Container Damage/Short | U13: Marine Insurance | V13: Import | W13: 62 bags found shortage at container BL:248622146. Delivered DN and insurance compansate. | X13: CIS report/LOP | Y13: 20.02 | Z13: =Y13*M13 -> 1241.24 | AA13: =Y13*AF13 -> 51200.95 | AB13: =AA13*M13 -> 3174458.9 | AC13: 50018.235 | AD13: =AC13*M13 -> 3101130.6 | AE13: =AR13 -> 1241.24 | AF13: 2557.49 | AG13: Compensated | AH13: Adjusted | AI13: Ajay/Limitz | AJ13: Post-War | AK13: Rawan | AM13: Accept | AN13: Close | AO13: Insurance compensation | AQ13: =Z13 -> 1241.24 | AR13: 1241.24 | AS13: =AQ13-AR13 -> 0 | AT13: =(AR13/AQ13-1)*-1 -> 0 | AU13: Insurance compensated
A14: 45745 | B14: S7 | C14: =TEXT(A14,"MMM") -> Mar | D14: =YEAR(A14) -> 2025 | E14: 12 | F14: 248623021 | G14: E2 | H14: PZU | I14: LE0001 | J14: LENTIL TAT 20KG | L14: 54 | M14: =VLOOKUP(Table1[[#This Row],[BL NO.]],'BL NCs'!$E$3:$K$78,7,0) -> 54 | O14: Short | P14: 0 | Q14: 0 | R14: =Table1[[#This Row],[Torn QTY]]-Table1[[#This Row],[loss]] -> 0 | S14: 20KG BAGS | T14: Import Container Damage/Short | U14: Marine Insurance | V14: Import | W14: 54 bags found shortage at container BL:248623021. Short bag less than deductable .05% | X14: CIS report/LOP | Y14: 20.98 | Z14: 1132.92 | AA14: 53500 | AB14: 2889000 | AC14: 50018.235 | AD14: 2700984.7 | AE14: =AR14 -> 0 | AF14: 2550 | AG14: Loss | AH14: Adjusted | AI14: Ajay/Limitz | AJ14: Post-War | AK14: Rawan | AM14: Accept | AN14: Close | AO14: Less than deductible | AQ14: =Z14 -> 1132.92 | AR14: 0 | AS14: =AQ14-AR14 -> 1132.92 | AT14: =(AR14/AQ14-1)*-1 -> 1 | AU14: Less than deductible (0.5%)
A15: 45770 | B15: S7 | C15: =TEXT(A15,"MMM") -> Apr | D15: =YEAR(A15) -> 2025 | E15: 13 | F15: 248624161 | G15: XZ | H15: PZU | I15: LE0001 | J15: LENTIL TAT 20KG | L15: 28 | M15: =VLOOKUP(Table1[[#This Row],[BL NO.]],'BL NCs'!$E$3:$K$78,7,0) -> 28 | O15: Short | P15: 0 | Q15: 0 | R15: =Table1[[#This Row],[Torn QTY]]-Table1[[#This Row],[loss]] -> 0 | S15: 20KG BAGS | T15: Import Container Damage/Short | U15: Marine Insurance | V15: Import | W15: 28 bags found shortage at container BL:248624161 | X15: CIS report/LOP | Y15: 22.71 | Z15: =Y15*M15 -> 635.88 | AA15: 58000 | AB15: =AA15*M15 -> 1624000 | AC15: 50018.235 | AD15: =AC15*M15 -> 1400510.6 | AE15: =AR15 -> 0 | AF15: 2554.48 | AG15: Loss | AH15: Adjusted | AI15: Ajay/Limitz | AJ15: Post-War | AK15: Rawan | AM15: Accept | AN15: Close | AO15: Less than deductible | AQ15: =Z15 -> 635.88 | AR15: 0 | AS15: =AQ15-AR15 -> 635.88 | AT15: =(AR15/AQ15-1)*-1 -> 1 | AU15: Less than deductible (0.5%)
A16: 45770 | B16: S7 | C16: =TEXT(A16,"MMM") -> Apr | D16: =YEAR(A16) -> 2025 | E16: 14 | F16: 248623393 | G16: XZ | H16: PZU | I16: LE0001 | J16: LENTIL TAT 20KG | L16: 23 | M16: =VLOOKUP(Table1[[#This Row],[BL NO.]],'BL NCs'!$E$3:$K$78,7,0) -> 23 | O16: Short | P16: 0 | Q16: 0 | R16: =Table1[[#This Row],[Torn QTY]]-Table1[[#This Row],[loss]] -> 0 | S16: 20KG BAGS | T16: Import Container Damage/Short | U16: Marine Insurance | V16: Import | W16: 23 bags found shortage at container BL:248623393. for short bags is less than deductable 0.5%. | X16: CIS report/LOP | Y16: 22.71 | Z16: =Y16*M16 -> 522.33 | AA16: 58000 | AB16: =AA16*M16 -> 1334000 | AC16: 50018.235 | AD16: =AC16*M16 -> 1150419.4 | AE16: =AR16 -> 0 | AF16: 2554.48 | AG16: Loss | AH16: Adjusted | AI16: Ajay/Limitz | AJ16: Post-War | AK16: Rawan | AM16: Accept | AN16: Close | AO16: Less than deductible | AQ16: =Z16 -> 522.33 | AR16: 0 | AS16: =AQ16-AR16 -> 522.33 | AT16: =(AR16/AQ16-1)*-1 -> 1 | AU16: Less than deductible (0.5%)
A17: 45770 | B17: S7 | C17: =TEXT(A17,"MMM") -> Apr | D17: =YEAR(A17) -> 2025 | E17: 15 | F17: 248623928 | G17: XZ | H17: PZU | I17: LE0001 | J17: LENTIL TAT 20KG | L17: 33 | M17: =VLOOKUP(Table1[[#This Row],[BL NO.]],'BL NCs'!$E$3:$K$78,7,0) -> 33 | O17: 53-Short | P17: 0 | Q17: 0 | R17: =Table1[[#This Row],[Torn QTY]]-Table1[[#This Row],[loss]] -> 0 | S17: 20KG BAGS | T17: Import Container Damage/Short | U17: Marine Insurance | V17: Import | W17: 33 bags found shortage at container BL:248623928 | X17: CIS report/LOP | Y17: 22.71 | Z17: =Y17*M17 -> 749.43 | AA17: 58000 | AB17: =AA17*M17 -> 1914000 | AC17: 50018.235 | AD17: =AC17*M17 -> 1650601.7 | AE17: =AR17 -> 0 | AF17: 2554.48 | AG17: Loss | AH17: Adjusted | AI17: Ajay/Limitz | AJ17: Post-War | AK17: Rawan | AM17: Accept | AN17: Close | AO17: Less than deductible | AQ17: =Z17 -> 749.43 | AR17: 0 | AS17: =AQ17-AR17 -> 749.43 | AT17: =(AR17/AQ17-1)*-1 -> 1 | AU17: Less than deductible (0.5%)
A18: 45860 | B18: S7 | C18: =TEXT(A18,"MMM") -> Jul | D18: =YEAR(A18) -> 2025 | E18: 16 | F18: CAEMER25262000 | G18: XI | H18: PZU-Bond area | I18: LE0001 | J18: LENTIL TAT 20KG | L18: 52 | M18: =VLOOKUP(Table1[[#This Row],[BL NO.]],'BL NCs'!$E$3:$K$78,7,0) -> 6 | O18: Not found | P18: 0 | Q18: 0 | R18: =Table1[[#This Row],[Torn QTY]]-Table1[[#This Row],[loss]] -> 0 | S18: 20KG BAGS | T18: Import Container Damage/Short | U18: Marine Insurance | V18: Import | W18: 46 torn 6 wet bag during discharge CAEMER25262000.Torn bags are not covered under insurance. wet bag less than deductable 0.5% | X18: CIS report | Y18: 18.54 | Z18: =Y18*M18 -> 111.24 | AA18: =Y18*AF18 -> 51967.62 | AB18: =AA18*M18 -> 311805.72 | AC18: 41075.795 | AD18: =AC18*M18 -> 246454.77 | AE18: =AR18 -> 0 | AF18: 2803 | AG18: Loss | AH18: N/A | AI18: Ajay/Jeenu | AJ18: Post-War | AK18: Rawan | AM18: Reject | AN18: Close | AO18: Not include under insurance covarge/Less than deductable | AQ18: =Z18 -> 111.24 | AR18: 0 | AS18: =AQ18-AR18 -> 111.24 | AT18: =(AR18/AQ18-1)*-1 -> 1 | AU18: Not include under insurance covarge/Less than deductable (0.5%)
A19: 45860 | B19: S7 | C19: =TEXT(A19,"MMM") -> Jul | D19: =YEAR(A19) -> 2025 | E19: 17 | F19: CAEMER25262001 | G19: XI | H19: PZU-Bond area | I19: LE0001 | J19: LENTIL TAT 20KG | L19: 54 | M19: =VLOOKUP(Table1[[#This Row],[BL NO.]],'BL NCs'!$E$3:$K$78,7,0) -> 3 | O19: Not found | P19: 0 | Q19: 0 | R19: =Table1[[#This Row],[Torn QTY]]-Table1[[#This Row],[loss]] -> 0 | S19: 20KG BAGS | T19: Import Container Damage/Short | U19: Marine Insurance | V19: Import | W19: 51 torn bag 3 wet bag during discharge CAEMER25262001. Torn bag not cover under insurance, for wet bags less than deductable .05%. | X19: CIS report | Y19: 18.54 | Z19: =Y19*M19 -> 55.62 | AA19: 51967.62 | AB19: =AA19*M19 -> 155902.86 | AC19: 41075.795 | AD19: =AC19*M19 -> 123227.39 | AE19: =AR19 -> 0 | AF19: 2803 | AG19: Loss | AH19: N/A | AI19: Ajay/Jeenu | AJ19: Post-War | AK19: Rawan | AM19: Reject | AN19: Close | AO19: Not include under insurance covarge | AQ19: =Z19 -> 55.62 | AR19: 0 | AS19: =AQ19-AR19 -> 55.62 | AT19: =(AR19/AQ19-1)*-1 -> 1 | AU19: Case Reject/No compensation
A20: 45860 | B20: S7 | C20: =TEXT(A20,"MMM") -> Jul | D20: =YEAR(A20) -> 2025 | E20: 18 | F20: CAEMER25262002 | G20: XI | H20: PZU-Bond area | I20: LE0001 | J20: LENTIL TAT 20KG | L20: 67 | M20: =VLOOKUP(Table1[[#This Row],[BL NO.]],'BL NCs'!$E$3:$K$78,7,0) -> 5 | O20: Not found | P20: 0 | Q20: 0 | R20: =Table1[[#This Row],[Torn QTY]]-Table1[[#This Row],[loss]] -> 0 | S20: 20KG BAGS | T20: Import Container Damage/Short | U20: Marine Insurance | V20: Import | W20: 52 torn bag 5 wet bag during discharge CAEMER25262002. Torn bag not cover under insurance, for wet bags less than deductable .05%. | X20: CIS report/Wet LOP | Y20: 18.54 | Z20: =Y20*M20 -> 92.7 | AA20: 51967.62 | AB20: =AA20*M20 -> 259838.1 | AC20: 41075.795 | AD20: =AC20*M20 -> 205378.98 | AE20: =AR20 -> 0 | AF20: 2803 | AG20: Loss | AH20: N/A | AI20: Ajay/Jeenu | AJ20: Post-War | AK20: Rawan | AM20: Reject | AN20: Close | AO20: Not include under insurance covarge | AQ20: =Z20 -> 92.7 | AR20: 0 | AS20: =AQ20-AR20 -> 92.7 | AT20: =(AR20/AQ20-1)*-1 -> 1 | AU20: Case Reject/No compensation
A21: 45875 | B21: S7 | C21: =TEXT(A21,"MMM") -> Aug | D21: =YEAR(A21) -> 2025 | E21: 19 | F21: CAEMER25310000 | G21: XI | H21: PZU-Bond area | I21: LE0001 | J21: LENTIL TAT 20KG | L21: 50 | M21: =VLOOKUP(Table1[[#This Row],[BL NO.]],'BL NCs'!$E$3:$K$78,7,0) -> 23 | O21: 47 | P21: 50 | Q21: 23 | R21: =Table1[[#This Row],[Torn QTY]]-Table1[[#This Row],[loss]] -> 27 | S21: 20KG BAGS | T21: Import Container Damage/Short | U21: Marine Insurance | V21: Import | W21: 50 torn bag during discharge CAEMER25310000, case reject due there is excess at BL by 207 bags. | X21: CIS report | Y21: 18.54 | Z21: =Y21*M21 -> 426.42 | AA21: 51967.62 | AB21: =AA21*M21 -> 1195255.3 | AC21: 53401.106 | AD21: =AC21*M21 -> 1228225.4 | AE21: =AR21 -> 0 | AF21: 2803 | AG21: Loss | AH21: N/A | AI21: Ajay/Jeenue | AJ21: Post-War | AK21: Rawan | AM21: Reject | AN21: Close | AO21: Not include under insurance covarge | AQ21: =Z21 -> 426.42 | AR21: 0 | AS21: =AQ21-AR21 -> 426.42 | AT21: =(AR21/AQ21-1)*-1 -> 1 | AU21: Case Reject/No compensation
A22: 45875 | B22: S7 | C22: =TEXT(A22,"MMM") -> Aug | D22: =YEAR(A22) -> 2025 | E22: 20 | F22: CAEMER25310001 | G22: XI | H22: PZU-Bond area | I22: LE0001 | J22: LENTIL TAT 20KG | L22: 46 | M22: =VLOOKUP(Table1[[#This Row],[BL NO.]],'BL NCs'!$E$3:$K$78,7,0) -> 23 | O22: 47 | P22: 46 | Q22: 23 | R22: =Table1[[#This Row],[Torn QTY]]-Table1[[#This Row],[loss]] -> 23 | S22: 20KG BAGS | T22: Import Container Damage/Short | U22: Marine Insuranse | V22: Import | W22: 46 torn bag during descharge CAEMER25310001,Case rject due there is ecxess at BL by 154 bags. | X22: CIS report | Y22: 18.54 | Z22: =Y22*M22 -> 426.42 | AA22: 51967.62 | AB22: =AA22*M22 -> 1195255.3 | AC22: 53401.106 | AD22: =AC22*M22 -> 1228225.4 | AE22: =AR22 -> 0 | AF22: 2803 | AG22: Loss | AH22: N/A | AI22: Ajay/Jeenue | AJ22: Post-War | AK22: Rawan | AM22: Reject | AN22: Close | AO22: Not include under insurance covarge | AQ22: =Z22 -> 426.42 | AR22: 0 | AS22: =AQ22-AR22 -> 426.42 | AT22: =(AR22/AQ22-1)*-1 -> 1 | AU22: Not include under insurance covarge
A23: 45916 | B23: S7 | C23: =TEXT(A23,"MMM") -> Sep | D23: =YEAR(A23) -> 2025 | E23: 21 | F23: CAEMER25406100 | G23: XI | H23: PZU-Bond area | I23: LE0001 | J23: LENTIL TAT 20KG | L23: 87 | M23: =VLOOKUP(Table1[[#This Row],[BL NO.]],'BL NCs'!$E$3:$K$78,7,0) -> 27 | O23: 69 | P23: 80 | Q23: 20 | R23: =Table1[[#This Row],[Torn QTY]]-Table1[[#This Row],[loss]] -> 60 | S23: 20KG BAGS | T23: Import Container Damage/Short | U23: Marine Insuranse | V23: Import | W23: 80 torn bag during descharge and 7 wet bags, BL:CAEMER25406100, torn bags are not covered under the insurance. However, extra empty bags were shipped along with the cargo, which can be used to rebag, for wet bag less than deductable .05% | X23: CIS report | Y23: 18.38 | Z23: =Y23*M23 -> 496.26 | AA23: =Y23*AF23 -> 61936.924 | AB23: =AA23*M23 -> 1672296.9 | AC23: 45680.802 | AD23: =AC23*M23 -> 1233381.6 | AE23: 0 | AF23: 3369.8 | AG23: Loss | AH23: N/A | AI23: Ajay/Jeenue | AJ23: Post-War | AK23: Rawan | AM23: Reject | AN23: Close | AO23: Not include under insurance covarge/Less than deductable | AQ23: =Z23 -> 496.26 | AR23: 0 | AS23: =AQ23-AR23 -> 496.26 | AT23: =(AR23/AQ23-1)*-1 -> 1 | AU23: Not include under insurance covarge/Less than deductable (0.5%)
A24: 45916 | C24: =TEXT(A24,"MMM") -> Sep | D24: =YEAR(A24) -> 2025 | E24: 22 | F24: CAEMER25406101 | G24: XI | H24: PZU-Bond area | I24: LE0001 | J24: LENTIL TAT 20KG | L24: 60 | M24: =VLOOKUP(Table1[[#This Row],[BL NO.]],'BL NCs'!$E$3:$K$78,7,0) -> 18 | O24: 70 | P24: 60 | Q24: 18 | R24: =Table1[[#This Row],[Torn QTY]]-Table1[[#This Row],[loss]] -> 42 | S24: 20KG BAGS | T24: Import Container Damage/Short | U24: Marine Insuranse | V24: Import | W24: 60 torn bag during descharge, BL:CAEMER25406101, torn bags are not covered under the insurance. However, extra empty bags were shipped along with the cargo, which can be used to rebag | X24: CIS report | Y24: 18.38 | Z24: =Y24*M24 -> 330.84 | AA24: =Y24*AF24 -> 61936.924 | AB24: =AA24*M24 -> 1114864.6 | AC24: 45680.802 | AD24: =AC24*M24 -> 822254.43 | AE24: 0 | AF24: 3369.8 | AG24: Loss | AH24: N/A | AI24: Ajay/Jeenue | AJ24: Post-War | AK24: Rawan | AM24: Reject | AN24: Close | AO24: Not include under insurance covarge | AQ24: =Z24 -> 330.84 | AR24: 0 | AS24: =AQ24-AR24 -> 330.84 | AT24: =(AR24/AQ24-1)*-1 -> 1 | AU24: Not include under insurance covarge
A25: 45930 | C25: =TEXT(A25,"MMM") -> Sep | D25: =YEAR(A25) -> 2025 | E25: 23 | F25: 257625382 | G25: XI | H25: PZU-Bond area | I25: LE0001 | J25: LENTIL TAT 20KG | L25: 40 | M25: =VLOOKUP(Table1[[#This Row],[BL NO.]],'BL NCs'!$E$3:$K$78,7,0) -> 11 | O25: 75 | P25: 40 | Q25: 11 | R25: =Table1[[#This Row],[Torn QTY]]-Table1[[#This Row],[loss]] -> 29 | S25: 20KG BAGS | T25: Import Container Damage/Short | U25: Marine Insuranse | V25: Import | W25: 40 torn bag during descharge BL:257625382.Torn bags are not covered under insurance. | X25: CIS report | Y25: 18.38 | Z25: =Y25*M25 -> 202.18 | AA25: =Y25*AF25 -> 61936.924 | AB25: =AA25*M25 -> 681306.16 | AC25: 45680.802 | AD25: =AC25*M25 -> 502488.82 | AE25: 0 | AF25: 3369.8 | AG25: Loss | AH25: N/A | AI25: Ajay/Jeenue | AJ25: Post-War | AK25: Rawan | AM25: Reject | AN25: Close | AO25: Not include under insurance covarge | AQ25: =Z25 -> 202.18 | AR25: 0 | AS25: =AQ25-AR25 -> 202.18 | AT25: =(AR25/AQ25-1)*-1 -> 1 | AU25: Not include under insurance covarge
A26: 45946 | B26: S7 | C26: =TEXT(A26,"MMM") -> Oct | D26: =YEAR(A26) -> 2025 | E26: 24 | F26: CAEMER25481600 | G26: XI | H26: PZU-Bond area | I26: LE0001 | J26: LENTIL TAT 20KG | L26: 42 | M26: =VLOOKUP(Table1[[#This Row],[BL NO.]],'BL NCs'!$E$3:$K$78,7,0) -> 14 | O26: 83 | P26: 42 | Q26: 14 | R26: =Table1[[#This Row],[Torn QTY]]-Table1[[#This Row],[loss]] -> 28 | S26: 20KG BAGS | T26: Import Container Damage/Short | U26: Marine Insuranse | V26: Import | W26: 42 torn bag during descharge BL:CAEMER25481600. Torn bags are not covered under insurance. | X26: CIS report | Y26: 18.38 | Z26: =Y26*M26 -> 257.32 | AA26: =Y26*AF26 -> 61936.924 | AB26: =AA26*M26 -> 867116.94 | AC26: 45681 | AD26: =AC26*M26 -> 639534 | AE26: 0 | AF26: 3369.8 | AG26: Loss | AH26: N/A | AI26: Jeenue | AJ26: Post-War | AK26: Rawan | AM26: Reject | AN26: Close | AO26: Not include under insurance covarge | AQ26: =Z26 -> 257.32 | AR26: 0 | AS26: =AQ26-AR26 -> 257.32 | AT26: =(AR26/AQ26-1)*-1 -> 1 | AU26: Not include under insurance covarge
A27: 45946 | C27: =TEXT(A27,"MMM") -> Oct | D27: =YEAR(A27) -> 2025 | E27: 25 | F27: CAEMER25481700 | G27: XI | H27: PZU-Bond area | I27: LE0001 | J27: LENTIL TAT 20KG | L27: 41 | M27: =VLOOKUP(Table1[[#This Row],[BL NO.]],'BL NCs'!$E$3:$K$78,7,0) -> 17 | O27: 84 | P27: 41 | Q27: 17 | R27: =Table1[[#This Row],[Torn QTY]]-Table1[[#This Row],[loss]] -> 24 | S27: 20KG BAGS | T27: Import Container Damage/Short | U27: Marine Insuranse | V27: Import | W27: 41 torn bag during descharge BL: CAEMER25481700. Torn bags are not covered under insurance | X27: CIS report | Y27: 18.38 | Z27: =Y27*M27 -> 312.46 | AA27: =Y27*AF27 -> 61936.924 | AB27: =AA27*M27 -> 1052927.7 | AC27: 45681 | AD27: =AC27*M27 -> 776577 | AE27: 0 | AF27: 3369.8 | AG27: Loss | AH27: N/A | AI27: Jeenue | AJ27: Post-War | AK27: Rawan | AM27: Reject | AN27: Close | AO27: Not include under insurance covarge | AQ27: =Z27 -> 312.46 | AR27: 0 | AS27: =AQ27-AR27 -> 312.46 | AT27: =(AR27/AQ27-1)*-1 -> 1 | AU27: Not include under insurance covarge
A28: 45929 | B28: S7 | C28: =TEXT(A28,"MMM") -> Sep | D28: =YEAR(A28) -> 2025 | E28: 26 | F28: SHNSAPZU25070094 | G28: XI | H28: PZU-Bond area | I28: RC0004 | J28: RICE LONG ELNGM 20K | L28: 127 | M28: =VLOOKUP(Table1[[#This Row],[BL NO.]],'BL NCs'!$E$3:$K$78,7,0) -> 116 | O28: 122&125-Comment | P28: 40 | Q28: =16+3+4 -> 23 | R28: =Table1[[#This Row],[Torn QTY]]-Table1[[#This Row],[loss]] -> 17 | S28: 20KG BAGS | T28: Import Container Damage/Short | U28: Marine Insuranse | V28: Import | W28: 40 torn bag/4 wet bag/83 shortagebag BL:SHNSAPZU25070094 all reqirment documents share, first notification on 29-Sep-25 the final CIS report with final quantity on 17-Oct-25.Torn bags are not covered under insurance for short and wet bag less than deductable .05% | X28: CIS report/LOP/e claim form/Claim report form | Y28: 11.41 | Z28: =Y28*M28 -> 1323.56 | AA28: =Y28*AF28 -> 38449.418 | AB28: =AA28*M28 -> 4460132.5 | AC28: 31023 | AD28: =AC28*M28 -> 3598668 | AE28: 0 | AF28: 3369.8 | AG28: Loss | AH28: Adjusted | AI28: Jeenue | AJ28: Post-War | AK28: Rawan | AM28: Accept | AN28: Close | AO28: Not include under insurance covarge/Less than deductable | AQ28: =Z28 -> 1323.56 | AR28: 0 | AS28: =AQ28-AR28 -> 1323.56 | AT28: =(AR28/AQ28-1)*-1 -> 1 | AU28: Not include under insurance covarge/Less than deductable (0.5%)
A29: 45953 | B29: S7 | C29: =TEXT(A29,"MMM") -> Oct | D29: =YEAR(A29) -> 2025 | E29: 27 | F29: 258447410 | G29: XI | H29: PZU-Bond area | I29: LE0001 | J29: LENTIL TAT 20KG | L29: 46 | M29: =VLOOKUP(Table1[[#This Row],[BL NO.]],'BL NCs'!$E$3:$K$78,7,0) -> 34 | O29: 86-Comment | P29: 18 | Q29: 6 | R29: =Table1[[#This Row],[Torn QTY]]-Table1[[#This Row],[loss]] -> 12 | S29: 20KG BAGS | T29: Import Container Damage/Short | U29: Marine Insuranse | V29: Import | W29: 18 torn bag / 28 short bag BL:258447410. As Dubai team email Torn bags are not covered under insurance. | X29: CIS report/LOP | Y29: 17.416 | Z29: =Y29*M29 -> 592.144 | AA29: =Y29*AF29 -> 58688.437 | AB29: =AA29*M29 -> 1995406.9 | AC29: 45681 | AD29: =AC29*M29 -> 1553154 | AE29: 0 | AF29: 3369.8 | AG29: Pending | AH29: Adjusted | AI29: Jeenue | AJ29: Post-War | AK29: Rawan | AM29: Pending | AN29: Pending | AO29: Case submitted/ Waiting Insurance feedback | AQ29: =Z29 -> 592.144 | AR29: 0 | AS29: =AQ29-AR29 -> 592.144 | AT29: =(AR29/AQ29-1)*-1 -> 1 | AU29: Waiting Feedback
A30: 45959 | B30: S7 | C30: =TEXT(A30,"MMM") -> Oct | D30: =YEAR(A30) -> 2025 | E30: 28 | F30: ASN/PZU/0825/11093 | G30: XI | H30: PZU-Bond area | I30: RC0004 | J30: RICE LONG ELNGM 20K | L30: 258 | M30: =VLOOKUP(Table1[[#This Row],[BL NO.]],'BL NCs'!$E$3:$K$78,7,0) -> 255 | O30: 93&94-Comment | P30: 48 | Q30: 9 | R30: =Table1[[#This Row],[Torn QTY]]-Table1[[#This Row],[loss]] -> 39 | S30: 20KG BAGS | T30: Import Container Damage/Short | U30: Marine Insuranse | V30: Import | W30: 48 torn bag/ 85 wet bags/ 125 short bags BL:ASN/PZU/0825/11093, As email from Jeenu torn bag not cover under insurance. There is Final report update at 7 December 2025- 48 torn bag/ 129 wet bags/ 81 short bags but insurance not accept the update, they accept the first servey report. | X30: CIS report/LOP | Y30: 8.75 | Z30: =Y30*M30 -> 2231.25 | AA30: =Y30*AF30 -> 31041.413 | AB30: =AA30*M30 -> 7915560.2 | AC30: 23264.087 | AD30: =AC30*M30 -> 5932342.3 | AE30: 0 | AF30: 3547.59 | AG30: Pending | AH30: Adjusted | AI30: Jeenue | AJ30: Post-War | AK30: Rawan | AM30: Pending | AN30: Pending | AO30: Case submitted/ Waiting Insurance feedback | AQ30: =Z30 -> 2231.25 | AR30: 0 | AS30: =AQ30-AR30 -> 2231.25 | AT30: =(AR30/AQ30-1)*-1 -> 1 | AU30: Waiting Feedback
A31: 45966 | B31: S7 | C31: =TEXT(A31,"MMM") -> Nov | D31: =YEAR(A31) -> 2025 | E31: 29 | F31: 2501094EXY | G31: XI | H31: PZU-Bond area | I31: LE0001 | J31: LENTIL TAT 20KG | L31: 33 | M31: =VLOOKUP(Table1[[#This Row],[BL NO.]],'BL NCs'!$E$3:$K$78,7,0) -> 9 | O31: 89 | P31: 33 | Q31: 8 | R31: =Table1[[#This Row],[Torn QTY]]-Table1[[#This Row],[loss]] -> 25 | S31: 20KG BAGS | T31: Import Container Damage/Short | U31: Marine Insuranse | V31: Import | W31: 33 torn bag during descharge BL: 2501094EXY, As email from Jeenu torn bag not cover under insurance. | X31: CIS report | Y31: 16.52 | Z31: =Y31*M31 -> 148.68 | AA31: =Y31*AF31 -> 58606.187 | AB31: =AA31*M31 -> 527455.68 | AC31: 42710.473 | AD31: =AC31*M31 -> 384394.26 | AE31: 0 | AF31: 3547.59 | AG31: Loss | AH31: N/A | AI31: Jeenue | AJ31: Post-War | AK31: Rawan | AM31: Reject | AN31: Close | AO31: Not include under insurance covarge | AQ31: =Z31 -> 148.68 | AR31: 0 | AS31: =AQ31-AR31 -> 148.68 | AT31: =(AR31/AQ31-1)*-1 -> 1 | AU31: Not include under insurance covarge
A32: 45966 | C32: =TEXT(A32,"MMM") -> Nov | D32: =YEAR(A32) -> 2025 | E32: 30 | F32: 2501095EXY | G32: XI | H32: PZU-Bond area | I32: LE0001 | J32: LENTIL TAT 20KG | L32: 71 | M32: =VLOOKUP(Table1[[#This Row],[BL NO.]],'BL NCs'!$E$3:$K$78,7,0) -> 16 | O32: 90 | P32: 71 | Q32: 14 | R32: =Table1[[#This Row],[Torn QTY]]-Table1[[#This Row],[loss]] -> 57 | S32: 20KG BAGS | T32: Import Container Damage/Short | U32: Marine Insuranse | V32: Import | W32: 71 torn bags during descharge BL: 2501095EXY, As email from Jeenu torn bag not cover under insurance. | X32: CIS report | Y32: 16.52 | Z32: =Y32*M32 -> 264.32 | AA32: =Y32*AF32 -> 58606.187 | AB32: =AA32*M32 -> 937698.99 | AC32: 42710.473 | AD32: =AC32*M32 -> 683367.57 | AE32: 0 | AF32: 3547.59 | AG32: Loss | AH32: N/A | AI32: Jeenue | AJ32: Post-War | AK32: Rawan | AM32: Reject | AN32: Close | AO32: Not include under insurance covarge | AQ32: =Z32 -> 264.32 | AR32: 0 | AS32: =AQ32-AR32 -> 264.32 | AT32: =(AR32/AQ32-1)*-1 -> 1 | AU32: Not include under insurance covarge
A33: 45972 | B33: S7 | C33: =TEXT(A33,"MMM") -> Nov | D33: =YEAR(A33) -> 2025 | E33: 31 | F33: 259338012 | G33: XI | H33: PZU-Bond area | I33: LE0001 | J33: LENTIL TAT 20KG | L33: 44 | M33: =VLOOKUP(Table1[[#This Row],[BL NO.]],'BL NCs'!$E$3:$K$78,7,0) -> 5 | O33: 95 | P33: 44 | Q33: 5 | R33: =Table1[[#This Row],[Torn QTY]]-Table1[[#This Row],[loss]] -> 39 | S33: 20KG BAGS | T33: Import Container Damage/Short | U33: Marine Insuranse | V33: Import | W33: 44 torn bag during descharge BL: 259338012 ,As email from Jeenu torn bag not cover under insurance.. | X33: CIS report | Y33: 17.43 | Z33: =Y33*M33 -> 87.15 | AA33: =Y33*AF33 -> 61834.494 | AB33: =AA33*M33 -> 309172.47 | AC33: 42710.473 | AD33: =AC33*M33 -> 213552.37 | AE33: 0 | AF33: 3547.59 | AG33: Loss | AH33: N/A | AI33: Jeenue | AJ33: Post-War | AK33: Rawan | AM33: Reject | AN33: Close | AO33: Not include under insurance covarge | AQ33: =Z33 -> 87.15 | AR33: 0 | AS33: =AQ33-AR33 -> 87.15 | AT33: =(AR33/AQ33-1)*-1 -> 1 | AU33: Not include under insurance covarge
A34: 45972 | C34: =TEXT(A34,"MMM") -> Nov | D34: =YEAR(A34) -> 2025 | E34: 32 | F34: 259649778 | G34: XI | H34: PZU-Bond area | I34: LE0001 | J34: LENTIL TAT 20KG | L34: 23 | M34: =VLOOKUP(Table1[[#This Row],[BL NO.]],'BL NCs'!$E$3:$K$78,7,0) -> 7 | O34: 96 | P34: 23 | Q34: 7 | R34: =Table1[[#This Row],[Torn QTY]]-Table1[[#This Row],[loss]] -> 16 | S34: 20KG BAGS | T34: Import Container Damage/Short | U34: Marine Insuranse | V34: Import | W34: 23 torn bags during descharge BL: 259649778 ,As email from Jeenu torn bag not cover under insurance. | X34: CIS report | Y34: 17.43 | Z34: =Y34*M34 -> 122.01 | AA34: =Y34*AF34 -> 61834.494 | AB34: =AA34*M34 -> 432841.46 | AC34: 42710.473 | AD34: =AC34*M34 -> 298973.31 | AE34: 0 | AF34: 3547.59 | AG34: Loss | AH34: N/A | AI34: Jeenue | AJ34: Post-War | AK34: Rawan | AM34: Reject | AN34: Close | AO34: Not include under insurance covarge | AQ34: =Z34 -> 122.01 | AR34: 0 | AS34: =AQ34-AR34 -> 122.01 | AT34: =(AR34/AQ34-1)*-1 -> 1 | AU34: Not include under insurance covarge
A35: 45978 | B35: S7 | C35: =TEXT(A35,"MMM") -> Nov | D35: =YEAR(A35) -> 2025 | E35: 33 | F35: 2501096EXY | G35: XI | H35: PZU-Bond area | I35: LE0001 | J35: LENTIL TAT 20KG | L35: 84 | M35: =VLOOKUP(Table1[[#This Row],[BL NO.]],'BL NCs'!$E$3:$K$78,7,0) -> 19 | O35: 100 | P35: 84 | Q35: 19 | R35: =Table1[[#This Row],[Torn QTY]]-Table1[[#This Row],[loss]] -> 65 | S35: 20KG BAGS | T35: Import Container Damage/Short | U35: Marine Insuranse | V35: Import | W35: 84 torn bag BL:2501096EXY, As email from Jeenu torn bag not cover under insurance. | X35: CIS report | Y35: 16.52 | Z35: =Y35*M35 -> 313.88 | AA35: =Y35*AF35 -> 58606.187 | AB35: =AA35*M35 -> 1113517.5 | AC35: 42710.473 | AD35: =AC35*M35 -> 811498.99 | AE35: 0 | AF35: 3547.59 | AG35: Loss | AH35: N/A | AI35: Jeenue | AJ35: Post-War | AK35: Rawan | AM35: Reject | AN35: Close | AO35: Not include under insurance covarge | AQ35: =Z35 -> 313.88 | AR35: 0 | AS35: =AQ35-AR35 -> 313.88 | AT35: =(AR35/AQ35-1)*-1 -> 1 | AU35: Not include under insurance covarge
A36: 45979 | B36: S7 | C36: =TEXT(A36,"MMM") -> Nov | D36: =YEAR(A36) -> 2025 | E36: 34 | F36: CAEMER25549700 | G36: XI | H36: PZU-Bond area | I36: LE0001 | J36: LENTIL TAT 20KG | L36: 57 | M36: =VLOOKUP(Table1[[#This Row],[BL NO.]],'BL NCs'!$E$3:$K$78,7,0) -> 8 | O36: 101 | P36: 57 | Q36: 8 | R36: =Table1[[#This Row],[Torn QTY]]-Table1[[#This Row],[loss]] -> 49 | S36: 20KG BAGS | T36: Import Container Damage/Short | U36: Marine Insuranse | V36: Import | W36: 57 torn bag BL:CAEMER25549700.As feedback from Jeenu torn bag not cover under insurance. | X36: CIS report | Y36: 16.52 | Z36: =Y36*M36 -> 132.16 | AA36: =Y36*AF36 -> 58606.187 | AB36: =AA36*M36 -> 468849.49 | AC36: 42711.473 | AD36: =AC36*M36 -> 341691.79 | AE36: 0 | AF36: 3547.59 | AG36: Loss | AH36: N/A | AI36: Jeenue | AJ36: Post-War | AK36: Rawan | AM36: Reject | AN36: Close | AO36: Not include under insurance covarge | AQ36: =Z36 -> 132.16 | AR36: 0 | AS36: =AQ36-AR36 -> 132.16 | AT36: =(AR36/AQ36-1)*-1 -> 1 | AU36: Not include under insurance covarge
A37: 45993 | B37: S7 | C37: =TEXT(A37,"MMM") -> Dec | D37: =YEAR(A37) -> 2025 | E37: 35 | F37: 257625599 | G37: XI | H37: PZU-Bond area | I37: LE0001 | J37: LENTIL TAT 20KG | L37: 35 | M37: =VLOOKUP(Table1[[#This Row],[BL NO.]],'BL NCs'!$E$3:$K$78,7,0) -> 9 | O37: 76-Comment | P37: 35 | Q37: 9 | R37: =Table1[[#This Row],[Torn QTY]]-Table1[[#This Row],[loss]] -> 26 | S37: 20KG BAGS | T37: Import Container Damage/Short | U37: Marine Insuranse | V37: Import | W37: 35 torn bag BL:257625599.Torn bags are not covered under insurance | X37: CIS report | Y37: 17.744 | Z37: =Y37*M37 -> 159.696 | AA37: =Y37*AF37 -> 63437.994 | AB37: =AA37*M37 -> 570941.95 | AC37: 23264.087 | AD37: =AC37*M37 -> 209376.79 | AE37: 0 | AF37: 3575.18 | AG37: Loss | AH37: N/A | AI37: Jeenue | AJ37: Post-War | AK37: Rawan | AM37: Reject | AN37: Close | AO37: Not include under insurance covarge | AQ37: =Z37 -> 159.696 | AR37: 0 | AS37: =AQ37-AR37 -> 159.696 | AT37: =(AR37/AQ37-1)*-1 -> 1 | AU37: Not include under insurance covarge
A38: 45993 | C38: =TEXT(A38,"MMM") -> Dec | D38: =YEAR(A38) -> 2025 | E38: 36 | F38: 257625490 | G38: XI | H38: PZU-Bond area | I38: LE0001 | J38: LENTIL TAT 20KG | L38: 37 | M38: =VLOOKUP(Table1[[#This Row],[BL NO.]],'BL NCs'!$E$3:$K$78,7,0) -> 17 | O38: 82&99-Comment | P38: 37 | Q38: 13 | R38: =Table1[[#This Row],[Torn QTY]]-Table1[[#This Row],[loss]] -> 24 | S38: 20KG BAGS | T38: Import Container Damage/Short | U38: Marine Insuranse | V38: Import | W38: 37 torn bag BL:257625490.Torn bags are not covered under insurance | X38: CIS report | Y38: 17.744 | Z38: =Y38*M38 -> 301.648 | AA38: =Y38*AF38 -> 63437.994 | AB38: =AA38*M38 -> 1078445.9 | AC38: 23264.087 | AD38: =AC38*M38 -> 395489.48 | AE38: 0 | AF38: 3575.18 | AG38: Loss | AH38: N/A | AI38: Jeenue | AJ38: Post-War | AK38: Rawan | AM38: Reject | AN38: Close | AO38: Not include under insurance covarge | AQ38: =Z38 -> 301.648 | AR38: 0 | AS38: =AQ38-AR38 -> 301.648 | AT38: =(AR38/AQ38-1)*-1 -> 1 | AU38: Not include under insurance covarge
A39: 45993 | C39: =TEXT(A39,"MMM") -> Dec | D39: =YEAR(A39) -> 2025 | E39: 37 | F39: 257906213 | G39: XI | H39: PZU-Bond area | I39: LE0001 | J39: LENTIL TAT 20KG | L39: =24+28 -> 52 | M39: =VLOOKUP(Table1[[#This Row],[BL NO.]],'BL NCs'!$E$3:$K$78,7,0) -> 6 | O39: 80&98-Comment | P39: 28 | Q39: =5+1 -> 6 | R39: =Table1[[#This Row],[Torn QTY]]-Table1[[#This Row],[loss]] -> 22 | S39: 20KG BAGS | T39: Import Container Damage/Short | U39: Marine Insuranse | V39: Import | W39: 28 torn bag/ 24 Hight Polish bag BL:257906213.Torn bags are not covered under insurance. The high polished 24 bags, less than tolirance 0.5%. | X39: CIS report | Y39: 17.744 | Z39: =Y39*M39 -> 106.464 | AA39: =Y39*AF39 -> 63437.994 | AB39: =AA39*M39 -> 380627.96 | AC39: 23264.087 | AD39: =AC39*M39 -> 139584.52 | AE39: 0 | AF39: 3575.18 | AG39: Loss | AH39: N/A | AI39: Jeenue | AJ39: Post-War | AK39: Rawan | AM39: Reject | AN39: Close | AO39: Not include under insurance covarge/Less than deductable | AQ39: =Z39 -> 106.464 | AR39: 0 | AS39: =AQ39-AR39 -> 106.464 | AT39: =(AR39/AQ39-1)*-1 -> 1 | AU39: Not include under insurance covarge/Less than deductable (0.5%)
A40: 46006 | B40: S7 | C40: =TEXT(A40,"MMM") -> Dec | D40: =YEAR(A40) -> 2025 | E40: 38 | F40: CAEMER25645400 | G40: XI | H40: PZU-Bond area | I40: LE0001 | J40: LENTIL TAT 20KG | L40: 55 | M40: =VLOOKUP(Table1[[#This Row],[BL NO.]],'BL NCs'!$E$3:$K$78,7,0) -> 8 | O40: 102 | P40: 55 | Q40: 8 | R40: =Table1[[#This Row],[Torn QTY]]-Table1[[#This Row],[loss]] -> 47 | S40: 20KG BAGS | T40: Import Container Damage/Short | U40: Marine Insuranse | V40: Import | W40: 55 torn bag BL:CAEMER25645400.Torn bags are not covered under insurance. After repacking there is loss 8 bags | X40: CIS report | Y40: 16.2087 | Z40: =Y40*M40 -> 129.6696 | AA40: =Y40*AF40 -> 57949.02 | AB40: =AA40*M40 -> 463592.16 | AC40: 42710.737 | AD40: =AC40*M40 -> 341685.89 | AE40: 0 | AF40: 3575.18 | AG40: Loss | AH40: N/A | AI40: Jeenue | AJ40: Post-War | AK40: Rawan | AM40: Reject | AN40: Close | AO40: Not include under insurance covarge | AQ40: =Z40 -> 129.6696 | AR40: 0 | AS40: =AQ40-AR40 -> 129.6696 | AT40: =(AR40/AQ40-1)*-1 -> 1 | AU40: Not include under insurance covarge
A41: 46006 | C41: =TEXT(A41,"MMM") -> Dec | D41: =YEAR(A41) -> 2025 | E41: 39 | F41: CAEMER25645401 | G41: XI | H41: PZU-Bond area | I41: LE0001 | J41: LENTIL TAT 20KG | L41: 92 | M41: =VLOOKUP(Table1[[#This Row],[BL NO.]],'BL NCs'!$E$3:$K$78,7,0) -> 27 | O41: 103-Comment | P41: 76 | Q41: 14 | R41: =Table1[[#This Row],[Torn QTY]]-Table1[[#This Row],[loss]] -> 62 | S41: 20KG BAGS | T41: Import Container Damage/Short | U41: Marine Insuranse | V41: Import | W41: 76 torn bag/ 16 wet bag BL:CAEMER25645401. Torn bags are not covered under insurance, for wet bag less than deductable .05%. | X41: CIS report/LOP for wet bag | Y41: 16.2087 | Z41: =Y41*M41 -> 437.6349 | AA41: =Y41*AF41 -> 57949.02 | AB41: =AA41*M41 -> 1564623.5 | AC41: 42710.737 | AD41: =AC41*M41 -> 1153189.9 | AE41: 0 | AF41: 3575.18 | AG41: Loss | AH41: N/A | AI41: Jeenue | AJ41: Post-War | AK41: Rawan | AM41: Reject | AN41: Close | AO41: Not include under insurance covarge/Less than deductable | AQ41: =Z41 -> 437.6349 | AR41: 0 | AS41: =AQ41-AR41 -> 437.6349 | AT41: =(AR41/AQ41-1)*-1 -> 1 | AU41: Not include under insurance covarge/Less than deductable (0.5%)
A42: 46008 | B42: S7 | C42: =TEXT(A42,"MMM") -> Dec | D42: =YEAR(A42) -> 2025 | E42: 40 | F42: KIN/PZU/1025/11179 | G42: XI | H42: PZU-Bond area | I42: RC0004 | J42: RICE LONG ELNGM 20K | L42: 77 | M42: =VLOOKUP(Table1[[#This Row],[BL NO.]],'BL NCs'!$E$3:$K$78,7,0) -> 23 | O42: 105 | P42: 67 | Q42: 13 | R42: =Table1[[#This Row],[Torn QTY]]-Table1[[#This Row],[loss]] -> 54 | S42: 20KG BAGS | T42: Import Container Damage/Short | U42: Marine Insuranse | V42: Import | W42: 67 torn bag/ 5 wet bag/5 Short bag BL:KIN/PZU/1025/11179. With regard to the shortage of 5 bags & Wet 5 bags. Torn bags are not covered under insurance, for wet and short bag less than deductable .05%. | X42: CIS report | Y42: 8.4629 | Z42: =Y42*M42 -> 194.6467 | AA42: =Y42*AF42 -> 30256.391 | AB42: =AA42*M42 -> 695896.99 | AC42: 23264.087 | AD42: =AC42*M42 -> 535074.01 | AE42: 0 | AF42: 3575.18 | AG42: Loss | AH42: Adjusted | AI42: Jeenue | AJ42: Post-War | AK42: Rawan | AM42: Accept | AN42: Close | AO42: Not include under insurance covarge/Less than deductable | AQ42: =Z42 -> 194.6467 | AR42: 0 | AS42: =AQ42-AR42 -> 194.6467 | AT42: =(AR42/AQ42-1)*-1 -> 1 | AU42: Not include under insurance covarge/Less than deductable (0.5%)
A43: 46028 | B43: 2026 | C43: =TEXT(A43,"MMM") -> Jan | D43: =YEAR(A43) -> 2026 | E43: 41 | F43: CAEMER25645301 | G43: XI | H43: PZU-Bond area | I43: LE0001 | J43: LENTIL TAT 20KG | L43: 5 | M43: =VLOOKUP(Table1[[#This Row],[BL NO.]],'BL NCs'!$E$3:$K$78,7,0) -> 4 | O43: 109 | P43: 3 | Q43: 2 | R43: =Table1[[#This Row],[Torn QTY]]-Table1[[#This Row],[loss]] -> 1 | S43: 20KG BAGS | T43: Import Container Damage/Short | U43: Marine Insuranse | V43: Import | W43: 3 torn bag/ 2 wet bag BL:CAEMER25645301.Torn bags are not covered under insurance. Only for 2 wet bags insurance claim can’t be requested | X43: CIS report | Y43: 16.2087 | Z43: =Y43*M43 -> 64.8348 | AA43: =Y43*AF43 -> 58351.32 | AB43: =AA43*M43 -> 233405.28 | AC43: 62040.82 | AD43: =AC43*M43 -> 248163.28 | AE43: 0 | AF43: 3600 | AG43: Loss | AH43: N/A | AI43: Jeenue | AJ43: Post-War | AK43: Rawan | AM43: Reject | AN43: Close | AO43: Not include under insurance covarge/Less than deductable | AQ43: =Z43 -> 64.8348 | AR43: 0 | AS43: =AQ43-AR43 -> 64.8348 | AT43: =(AR43/AQ43-1)*-1 -> 1 | AU43: Not include under insurance covarge/Less than deductable (0.5%)
A44: 46028 | C44: =TEXT(A44,"MMM") -> Jan | D44: =YEAR(A44) -> 2026 | E44: 42 | F44: CAEMER25645300 | G44: XI | H44: PZU-Bond area | I44: LE0001 | J44: LENTIL TAT 20KG | L44: 70 | M44: =VLOOKUP(Table1[[#This Row],[BL NO.]],'BL NCs'!$E$3:$K$78,7,0) -> 55 | O44: 108 | P44: 24 | Q44: 9 | R44: =Table1[[#This Row],[Torn QTY]]-Table1[[#This Row],[loss]] -> 15 | S44: 20KG BAGS | T44: Import Container Damage/Short | U44: Marine Insuranse | V44: Import | W44: 24 torn bag/ 46 wet bag BL:CAEMER25645300. Torn bags are not covered under insurance,for wet bags is less than deductable 0.5%.. | X44: CIS report/LOP for wet bag | Y44: 16.2087 | Z44: =Y44*M44 -> 891.4785 | AA44: =Y44*AF44 -> 58351.32 | AB44: =AA44*M44 -> 3209322.6 | AC44: 62040.82 | AD44: =AC44*M44 -> 3412245.1 | AE44: 0 | AF44: 3600 | AG44: Loss | AH44: N/A | AI44: Jeenue | AJ44: Post-War | AK44: Rawan | AM44: Reject | AN44: Close | AO44: Not include under insurance covarge/Less than deductable | AQ44: =Z44 -> 891.4785 | AR44: 0 | AS44: =AQ44-AR44 -> 891.4785 | AT44: =(AR44/AQ44-1)*-1 -> 1 | AU44: Not include under insurance covarge/Less than deductable (0.5%)
A45: 45789 | B45: S7 | C45: May | D45: 2025 | E45: 43 | F45: 1,2,3,4, 5 ,6 ,7 | G45: XI | H45: PZU-Bond area | I45: IF0001 | J45: WHEAT FLOUR IMPORT ELNGM 25KG | L45: 415 | M45: =VLOOKUP(Table1[[#This Row],[BL NO.]],'BL NCs'!$E$3:$K$78,7,0) -> 415 | O45: Vessel | P45: 0 | Q45: 0 | R45: =Table1[[#This Row],[Torn QTY]]-Table1[[#This Row],[loss]] -> 0 | S45: 25KG BAGS | T45: Vessel Damage/Short | U45: Marine Insuranse | V45: Import | W45: (364 bags) shortage & (51 bags)reject by SSMO of Elnagm flour at MV Cecellia, claim that has been issued against MV/Master and-or MV/ Owner and will not compensate by MV/Master and-or MV/ Owne. | X45: CIS report/Claim | Y45: 9.31 | Z45: =Y45*M45 -> 3863.65 | AA45: =Y45*AF45 -> 24457.37 | AB45: =AA45*M45 -> 10149809 | AC45: 31301.811 | AD45: =AC45*M45 -> 12990252 | AE45: 0 | AF45: 2627 | AG45: Pending | AH45: Adjusted | AI45: Ajay/Limitz | AJ45: Post-War | AK45: Rawan | AM45: Pending | AN45: Pending | AO45: Case submitted/ Waiting Insurance feedback | AQ45: 3863.65 | AR45: 0 | AS45: 3863.65 | AT45: =(AR45/AQ45-1)*-1 -> 1 | AU45: Waiting Feedback
A46: 45789 | B46: S7 | C46: May | D46: 2025 | E46: 44 | F46: 1,2,3 4 ,5 | G46: XI | H46: PZU-Bond area | I46: WS0005 | J46: KSA WHAITE SUGAR 50 KG FG | L46: 88 | M46: =VLOOKUP(Table1[[#This Row],[BL NO.]],'BL NCs'!$E$3:$K$78,7,0) -> 88 | O46: Vessel | P46: 0 | Q46: 0 | R46: =Table1[[#This Row],[Torn QTY]]-Table1[[#This Row],[loss]] -> 0 | S46: 50KG BAGS | T46: Vessel Damage/Short | U46: Marine Insuranse | V46: Import | W46: (88 bags) shortage of KSA white sugar at MV IMA Glory, claim that has been issued against MV/Master and-or MV/ Owner and will not compensate by MV/Master and-or MV/ Owne. | X46: CIS report/Claim | Y46: 29.6 | Z46: =Y46*M46 -> 2604.8 | AA46: =Y46*AF46 -> 77759.2 | AB46: =AA46*M46 -> 6842809.6 | AC46: 96566.186 | AD46: =AC46*M46 -> 8497824.4 | AE46: 0 | AF46: 2627 | AG46: Pending | AH46: Adjusted | AI46: Ajay/Limitz | AJ46: Post-War | AK46: Rawan | AM46: Pending | AN46: Pending | AO46: Case submitted/ Waiting Insurance feedback | AQ46: 2604.8 | AR46: 0 | AS46: 2604.8 | AT46: =(AR46/AQ46-1)*-1 -> 1 | AU46: Waiting Feedback
A47: 45799 | B47: S7 | C47: May | D47: 2025 | E47: 45 | F47: 1,2,3,4,5,6 | G47: XI | H47: PZU-Bond area | I47: IF0001 | J47: WHEAT FLOUR IMPORT ELNGM 25KG | L47: 95 | M47: =VLOOKUP(Table1[[#This Row],[BL NO.]],'BL NCs'!$E$3:$K$78,7,0) -> 95 | O47: Vessel | P47: 0 | Q47: 0 | R47: =Table1[[#This Row],[Torn QTY]]-Table1[[#This Row],[loss]] -> 0 | S47: 25KG BAGS | T47: Vessel Damage/Short | U47: Marine Insuranse | V47: Import | W47: (58 bags) shortage and (37) Reject by SSMO of Elnagm flour at MV Cecellia, claim that has been issued against MV/Master and-or MV/ Owner compensate the reject quantity and will not compensate short quantity. As feed back from Dubai team(Ajay) as email on 26-Feb-2026 amount settelt at Sayga. | X47: CIS report/Claim | Y47: 9.6 | Z47: =Y47*M47 -> 912 | AA47: =Y47*AF47 -> 25219.2 | AB47: =AA47*M47 -> 2395824 | AC47: 31301.811 | AD47: =AC47*M47 -> 2973672.1 | AE47: 388.8 | AF47: 2627 | AG47: Compensated | AH47: Adjusted | AI47: Ajay/Limitz | AJ47: Post-War | AK47: Rawan | AM47: Accept | AN47: Close | AO47: Shiping line compensation | AQ47: 912 | AR47: 388.8 | AS47: 523.2 | AT47: =(AR47/AQ47-1)*-1 -> 0.57368421 | AU47: Amount Settelet at Sayga for reject QTY.
A48: 46039 | B48: 2026 | C48: =TEXT(A48,"MMM") -> Jan | D48: =YEAR(A48) -> 2026 | E48: 46 | F48: CAEMER25688002 | G48: XI | H48: PZU-Bond area | I48: LE0001 | J48: LENTIL TAT 20KG | L48: 45 | M48: =VLOOKUP(Table1[[#This Row],[BL NO.]],'BL NCs'!$E$3:$K$78,7,0) -> 15 | O48: 114 | P48: 45 | Q48: 15 | R48: =Table1[[#This Row],[Torn QTY]]-Table1[[#This Row],[loss]] -> 30 | S48: 20KG BAGS | T48: Import Container Damage/Short | U48: Marine Insuranse | V48: Import | W48: 45 torn bag BL:CAEMER25688002, there is ecxess 39 bags. Torn bags are not covered under insurance | X48: CIS report | Y48: 15.79 | Z48: =Y48*M48 -> 236.85 | AA48: =Y48*AF48 -> 56844 | AB48: =AA48*M48 -> 852660 | AC48: 62040.82 | AD48: =AC48*M48 -> 930612.3 | AE48: 0 | AF48: 3600 | AG48: Loss | AH48: N/A | AI48: Jeenue | AJ48: Post-War | AK48: Rawan | AM48: Reject | AN48: Close | AO48: Not include under insurance covarge | AQ48: =Z48 -> 236.85 | AR48: 0 | AS48: =AQ48-AR48 -> 236.85 | AT48: =(AR48/AQ48-1)*-1 -> 1 | AU48: Not include under insurance covarge
A49: 46039 | C49: =TEXT(A49,"MMM") -> Jan | D49: =YEAR(A49) -> 2026 | E49: 47 | F49: CAEMER25688000 | G49: XI | H49: PZU-Bond area | I49: LE0001 | J49: LENTIL TAT 20KG | L49: 42 | M49: =VLOOKUP(Table1[[#This Row],[BL NO.]],'BL NCs'!$E$3:$K$78,7,0) -> 8 | O49: 113-Comment | P49: 42 | Q49: 8 | R49: =Table1[[#This Row],[Torn QTY]]-Table1[[#This Row],[loss]] -> 34 | S49: 20KG BAGS | T49: Import Container Damage/Short | U49: Marine Insuranse | V49: Import | W49: 42 torn bag BL:CAEMER25688000, there is excess 80 bags. Torn bags are not covered under insurance | X49: CIS report | Y49: 15.66 | Z49: =Y49*M49 -> 125.28 | AA49: =Y49*AF49 -> 56376 | AB49: =AA49*M49 -> 451008 | AC49: 62040.82 | AD49: =AC49*M49 -> 496326.56 | AE49: 0 | AF49: 3600 | AG49: Loss | AH49: N/A | AI49: Jeenue | AJ49: Post-War | AK49: Rawan | AM49: Reject | AN49: Close | AO49: Not include under insurance covarge | AQ49: =Z49 -> 125.28 | AR49: 0 | AS49: =AQ49-AR49 -> 125.28 | AT49: =(AR49/AQ49-1)*-1 -> 1 | AU49: Not include under insurance covarge
A50: 46039 | C50: =TEXT(A50,"MMM") -> Jan | D50: =YEAR(A50) -> 2026 | E50: 48 | F50: CAEMER25688001 | G50: XI | H50: PZU-Bond area | I50: LE0001 | J50: LENTIL TAT 20KG | L50: 23 | M50: =VLOOKUP(Table1[[#This Row],[BL NO.]],'BL NCs'!$E$3:$K$78,7,0) -> 5 | O50: 112-Comment | P50: 23 | Q50: 5 | R50: =Table1[[#This Row],[Torn QTY]]-Table1[[#This Row],[loss]] -> 18 | S50: 20KG BAGS | T50: Import Container Damage/Short | U50: Marine Insuranse | V50: Import | W50: 23 torn bag BL:CAEMER25688001, there is excess 61 bags. Torn bags are not covered under insurance | X50: CIS report | Y50: 15.79 | Z50: =Y50*M50 -> 78.95 | AA50: =Y50*AF50 -> 56844 | AB50: =AA50*M50 -> 284220 | AC50: 62040.82 | AD50: =AC50*M50 -> 310204.1 | AE50: 0 | AF50: 3600 | AG50: Loss | AH50: N/A | AI50: Jeenue | AJ50: Post-War | AK50: Rawan | AM50: Reject | AN50: Close | AO50: Not include under insurance covarge | AQ50: =Z50 -> 78.95 | AR50: 0 | AS50: =AQ50-AR50 -> 78.95 | AT50: =(AR50/AQ50-1)*-1 -> 1 | AU50: Not include under insurance covarge
A51: 46075 | C51: =TEXT(A51,"MMM") -> Feb | D51: =YEAR(A51) -> 2026 | E51: 49 | F51: CAEMER25688601 | G51: TX01 | H51: PZU-Alnasseg WH | I51: 4000000058 | J51: LENTIL TAT 20KG | L51: 36 | M51: =VLOOKUP(Table1[[#This Row],[BL NO.]],'BL NCs'!$E$3:$K$78,7,0) -> 18 | O51: 116 | P51: 23 | Q51: 5 | R51: =Table1[[#This Row],[Torn QTY]]-Table1[[#This Row],[loss]] -> 18 | S51: 20KG BAGS | T51: Import Container Damage/Short | U51: Marine Insuranse | V51: Import | W51: 13 wet bags 23 torn bag BL:CAEMER25688601, there is ecxess 1 bags, torn bags are not covered under insurance, for wet bags is less than deductable 0.5%. | X51: CIS report | Y51: 15.79 | Z51: =Y51*M51 -> 284.22 | AA51: =Y51*AF51 -> 55265 | AB51: =AA51*M51 -> 994770 | AC51: 59621.44 | AD51: =AC51*M51 -> 1073185.9 | AE51: 0 | AF51: 3500 | AG51: Loss | AH51: Adjusted | AI51: Jeenue | AJ51: Post-War | AK51: Rawan | AM51: Accept | AN51: Close | AO51: Less than deductible | AQ51: =Z51 -> 284.22 | AR51: 0 | AS51: =AQ51-AR51 -> 284.22 | AT51: =(AR51/AQ51-1)*-1 -> 1 | AU51: Less than deductable (0.5%)
A52: 46075 | C52: =TEXT(A52,"MMM") -> Feb | D52: =YEAR(A52) -> 2026 | E52: 50 | F52: CAEMER25688602 | G52: TX01 | H52: PZU-Alnasseg WH | I52: 4000000058 | J52: LENTIL TAT 20KG | L52: 29 | M52: =VLOOKUP(Table1[[#This Row],[BL NO.]],'BL NCs'!$E$3:$K$78,7,0) -> 10 | O52: 117 | P52: 28 | Q52: 9 | R52: 28 | S52: 20KG BAGS | T52: Import Container Damage/Short | U52: Marine Insuranse | V52: Import | W52: 1 wet bags 28 torn bag BL:CAEMER25688602, there is ecxess 40 bags, torn bags are not covered under insurance, for wet bags is less than deductable 0.5%. | X52: CIS report | Y52: 15.79 | Z52: =Y52*M52 -> 157.9 | AA52: =Y52*AF52 -> 55265 | AB52: =AA52*M52 -> 552650 | AC52: 59621.44 | AD52: =AC52*M52 -> 596214.4 | AE52: 0 | AF52: 3500 | AG52: Loss | AH52: Adjusted | AI52: Jeenue | AJ52: Post-War | AK52: Rawan | AM52: Accept | AN52: Close | AO52: Less than deductible | AQ52: =Z52 -> 157.9 | AR52: 0 | AS52: =AQ52-AR52 -> 157.9 | AT52: =(AR52/AQ52-1)*-1 -> 1 | AU52: Less than deductable (0.5%)
A53: 46075 | C53: =TEXT(A53,"MMM") -> Feb | D53: =YEAR(A53) -> 2026 | E53: 51 | F53: CAEMER25688603 | G53: TX01 | H53: PZU-Alnasseg WH | I53: 4000000058 | J53: LENTIL TAT 20KG | L53: 45 | M53: =VLOOKUP(Table1[[#This Row],[BL NO.]],'BL NCs'!$E$3:$K$78,7,0) -> 13 | O53: 118 | P53: 44 | Q53: 12 | R53: =Table1[[#This Row],[Torn QTY]]-Table1[[#This Row],[loss]] -> 32 | S53: 20KG BAGS | T53: Import Container Damage/Short | U53: Marine Insuranse | V53: Import | W53: 1 wet bags 44 torn bag BL:CAEMER25688603, there is ecxess 36 bags, torn bags are not covered under insurance, for wet bags is less than deductable 0.5%. | X53: CIS report | Y53: 15.79 | Z53: =Y53*M53 -> 205.27 | AA53: =Y53*AF53 -> 55265 | AB53: =AA53*M53 -> 718445 | AC53: 59621.44 | AD53: =AC53*M53 -> 775078.72 | AE53: 0 | AF53: 3500 | AG53: Loss | AH53: Adjusted | AI53: Jeenue | AJ53: Post-War | AK53: Rawan | AM53: Accept | AN53: Close | AO53: Less than deductible | AQ53: =Z53 -> 205.27 | AR53: 0 | AS53: =AQ53-AR53 -> 205.27 | AT53: =(AR53/AQ53-1)*-1 -> 1 | AU53: Less than deductable (0.5%)
A54: 46089 | B54: S7 | C54: =TEXT(A54,"MMM") -> Mar | D54: =YEAR(A54) -> 2026 | E54: 52 | F54: CAEMER25688600 | G54: TX01 | H54: PZU-Alnasseg WH | I54: 4000000058 | J54: LENTIL TAT 20KG | L54: 37 | M54: =VLOOKUP(Table1[[#This Row],[BL NO.]],'BL NCs'!$E$3:$K$78,7,0) -> 20 | O54: 115 | P54: 26 | Q54: 9 | R54: =Table1[[#This Row],[Torn QTY]]-Table1[[#This Row],[loss]] -> 17 | S54: 20KG BAGS | T54: Import Container Damage/Short | U54: Marine Insuranse | V54: Import | W54: 26 torn bag/11 wet bag BL:CAEMER25688600, there is ecxess 42bags | X54: CIS report | Y54: 15.79 | Z54: =Y54*M54 -> 315.8 | AA54: =Y54*AF54 -> 55422.9 | AB54: =AA54*M54 -> 1108458 | AC54: 59621.44 | AD54: =AC54*M54 -> 1192428.8 | AE54: 0 | AF54: 3510 | AG54: Pending | AH54: Adjusted | AI54: Jeenue | AJ54: Post-War | AK54: Rawan | AM54: Pending | AN54: Pending | AO54: Case submitted/ Waiting Insurance feedback | AQ54: =Z54 -> 315.8 | AR54: 0 | AS54: =AQ54-AR54 -> 315.8 | AT54: =(AR54/AQ54-1)*-1 -> 1 | AU54: Waiting Feedback
A55: 46089 | B55: 2026 | C55: =TEXT(A55,"MMM") -> Mar | D55: =YEAR(A55) -> 2026 | E55: 53 | F55: RJIZNSAPZU25004 | G55: BN01 | H55: PZU-Bond Area WH | I55: 4000000088 | J55: RICE LONG ELNGM 20K | L55: 71 | M55: =VLOOKUP(Table1[[#This Row],[BL NO.]],'BL NCs'!$E$3:$K$78,7,0) -> 28 | O55: 121-Comment | P55: 56 | Q55: 13 | R55: =Table1[[#This Row],[Torn QTY]]-Table1[[#This Row],[loss]] -> 43 | S55: 20KG BAGS | T55: Import Container Damage/Short | U55: Marine Insuranse | V55: Import | W55: 56 torn bag/ 15 wet bag BL:RJIZNSAPZU25004.Torn bags are not covered under insurance, for wet bag less than deductable .05%. | X55: CIS report/LOP for wet bag | Y55: 7.7991549 | Z55: =Y55*M55 -> 218.37634 | AA55: =Y55*AF55 -> 27375.034 | AB55: =AA55*M55 -> 766500.95 | AC55: 28977.5 | AD55: =AC55*M55 -> 811370 | AE55: 0 | AF55: 3510 | AG55: Loss | AH55: Adjusted | AI55: Jeenue | AJ55: Post-War | AK55: Rawan | AM55: Accept | AN55: Close | AO55: Not include under insurance covarge/Less than deductable | AQ55: =Z55 -> 218.37634 | AR55: 0 | AS55: =AQ55-AR55 -> 218.37634 | AT55: =(AR55/AQ55-1)*-1 -> 1 | AU55: Not include under insurance covarge/Less than deductable (0.5%)
A56: 46089 | C56: =TEXT(A56,"MMM") -> Mar | D56: =YEAR(A56) -> 2026 | E56: 54 | F56: RJIZNSAPZU25005. | G56: BN01 | H56: PZU-Bond Area WH | I56: 4000000088 | J56: RICE LONG ELNGM 20K | L56: 221 | M56: =VLOOKUP(Table1[[#This Row],[BL NO.]],'BL NCs'!$E$3:$K$78,7,0) -> 143 | O56: 122 | P56: 97 | Q56: =16+3 -> 19 | R56: =Table1[[#This Row],[Torn QTY]]-Table1[[#This Row],[loss]] -> 78 | S56: 20KG BAGS | T56: Import Container Damage/Short | U56: Marine Insuranse | V56: Import | W56: 97 torn bag/ 117 short bags/7 wet bag BL:RJIZNSAPZU25005.Torn bag not cover under insurance, forshort & wet bags less than deductable .05%. | X56: CIS report/LOP for wet and short bags | Y56: 7.7991549 | Z56: =Y56*M56 -> 1115.2792 | AA56: =Y56*AF56 -> 27375.034 | AB56: =AA56*M56 -> 3914629.8 | AC56: 28977.5 | AD56: =AC56*M56 -> 4143782.5 | AE56: 0 | AF56: 3510 | AG56: Loss | AH56: Adjusted | AI56: Jeenue | AJ56: Post-War | AK56: Rawan | AM56: Accept | AN56: Close | AO56: Not include under insurance covarge/Less than deductable | AQ56: =Z56 -> 1115.2792 | AR56: 0 | AS56: =AQ56-AR56 -> 1115.2792 | AT56: =(AR56/AQ56-1)*-1 -> 1 | AU56: Not include under insurance covarge/Less than deductable (0.5%)
A57: 46118 | C57: =TEXT(A57,"MMM") -> Apr | D57: =YEAR(A57) -> 2026 | E57: 55 | F57: FOLKINBOM006857 | G57: BN01 | H57: PZU-Bond Area WH | I57: 4000000088 | J57: RICE LONG ELNGM 20K | L57: 98 | M57: =VLOOKUP(Table1[[#This Row],[BL NO.]],'BL NCs'!$E$3:$K$78,7,0) -> 31 | O57: 124 | P57: 85 | Q57: 18 | R57: =Table1[[#This Row],[Torn QTY]]-Table1[[#This Row],[loss]] -> 67 | S57: 20KG BAGS | T57: Import Container Damage/Short | U57: Marine Insuranse | V57: Import | W57: 85 torn bag/13 short bag BL:FOLKINBOM006857.Torn bags are not covered under insurance, for wet bag less than deductable .05%. | X57: CIS report/LOP for wet bag | Y57: 7.7991549 | Z57: =Y57*M57 -> 241.7738 | AA57: =Y57*AF57 -> 27570.013 | AB57: =AA57*M57 -> 854670.39 | AC57: 34287.78 | AD57: =AC57*M57 -> 1062921.2 | AE57: 0 | AF57: 3535 | AG57: Loss | AH57: Adjusted | AI57: Jeenue | AJ57: Post-War | AK57: Rawan | AM57: Accept | AN57: Close | AO57: Not include under insurance covarge/Less than deductable | AQ57: =Z57 -> 241.7738 | AR57: 0 | AS57: =AQ57-AR57 -> 241.7738 | AT57: =(AR57/AQ57-1)*-1 -> 1 | AU57: Not include under insurance covarge/Less than deductable (0.5%)
A58: 46119 | C58: =TEXT(A58,"MMM") -> Apr | D58: =YEAR(A58) -> 2026 | E58: 56 | F58: CAEMER25848900 | G58: BN01 | H58: PZU-Bond Area WH | I58: 4000000058 | J58: LENTIL TAT 20KG | L58: 179 | M58: =VLOOKUP(Table1[[#This Row],[BL NO.]],'BL NCs'!$E$3:$K$78,7,0) -> 153 | O58: 132 | P58: 39 | Q58: =11+2 -> 13 | R58: =Table1[[#This Row],[Torn QTY]]-Table1[[#This Row],[loss]] -> 26 | S58: 20KG BAGS | T58: Import Container Damage/Short | U58: Marine Insuranse | V58: Import | W58: 39 torn bag/45 short bag/ 95 wet bag BL:CAEMER25848900.the 95 wet bags sold the unit price is 20,000 SDG, total value 1,900,000 SDG. | X58: CIS report/LOP for wet bag/ short bag | Y58: =Z58/M58 -> 18.093072 | Z58: 2768.24 | AA58: =Y58*AF58 -> 63959.009 | AB58: =AA58*M58 -> 9785728.4 | AC58: 63416 | AD58: =AC58*M58 -> 9702648 | AE58: 537.48232 | AF58: 3535 | AG58: Pending | AH58: Adjusted | AI58: Jeenue | AJ58: Post-War | AK58: Rawan | AM58: Accept | AN58: Pending | AO58: Local sale compensation | AQ58: 2313.0673 | AR58: 0 | AS58: =AQ58-AR58 -> 2313.0673 | AT58: =(AR58/AQ58-1)*-1 -> 1 | AU58: Waiting Feedback/ Local sale compensation.
A59: 46119 | C59: =TEXT(A59,"MMM") -> Apr | D59: =YEAR(A59) -> 2026 | E59: 57 | F59: CAEMER25848901 | G59: TX01 | H59: PZU-Alnasseg WH | I59: 4000000058 | J59: LENTIL TAT 20KG | L59: 37 | M59: =VLOOKUP(Table1[[#This Row],[BL NO.]],'BL NCs'!$E$3:$K$78,7,0) -> 18 | O59: 129 | P59: 36 | Q59: =14+3 -> 17 | R59: =Table1[[#This Row],[Torn QTY]]-Table1[[#This Row],[loss]] -> 19 | S59: 20KG BAGS | T59: Import Container Damage/Short | U59: Marine Insuranse | V59: Import | W59: 36 torn bag/1 wet bag BL:CAEMER25848901.Torn bags are not covered under insurance for wet bag less than deductable .05% | X59: CIS report | Y59: 15.465028 | Z59: =Y59*M59 -> 278.3705 | AA59: =Y59*AF59 -> 54668.874 | AB59: =AA59*M59 -> 984039.73 | AC59: 63416 | AD59: =AC59*M59 -> 1141488 | AE59: 0 | AF59: 3535 | AG59: Loss | AH59: N/A | AI59: Jeenue | AJ59: Post-War | AK59: Rawan | AM59: Accept | AN59: Close | AO59: Not include under insurance covarge/Less than deductable | AQ59: =Z59 -> 278.3705 | AR59: 0 | AS59: =AQ59-AR59 -> 278.3705 | AT59: =(AR59/AQ59-1)*-1 -> 1 | AU59: Not include under insurance covarge/Less than deductable (0.5%)
A60: 46119 | C60: =TEXT(A60,"MMM") -> Apr | D60: =YEAR(A60) -> 2026 | E60: 58 | F60: CAEMER25848902 | G60: BN01 | H60: PZU-Bond Area WH | I60: 4000000058 | J60: LENTIL TAT 20KG | L60: 72 | M60: =VLOOKUP(Table1[[#This Row],[BL NO.]],'BL NCs'!$E$3:$K$78,7,0) -> 56 | O60: 135 | P60: 22 | Q60: 6 | R60: =Table1[[#This Row],[Torn QTY]]-Table1[[#This Row],[loss]] -> 16 | S60: 20KG BAGS | T60: Import Container Damage/Short | U60: Marine Insuranse | V60: Import | W60: 22 torn bag/43 short bag/ 7 wet bag BL:CAEMER25848902. torn bags are not covered under insurance, for wet & short bags is less than deductable 0.5%. | X60: CIS report/LOP for wet bag/ short bag | Y60: 15.465028 | Z60: =Y60*M60 -> 866.04156 | AA60: =Y60*AF60 -> 54668.874 | AB60: =AA60*M60 -> 3061456.9 | AC60: 63416 | AD60: =AC60*M60 -> 3551296 | AE60: 0 | AF60: 3535 | AG60: Loss | AH60: Adjusted | AI60: Jeenue | AJ60: Post-War | AK60: Rawan | AM60: Accept | AN60: Close | AO60: Not include under insurance covarge/Less than deductable | AQ60: =Z60 -> 866.04156 | AR60: 0 | AS60: =AQ60-AR60 -> 866.04156 | AT60: =(AR60/AQ60-1)*-1 -> 1 | AU60: Not include under insurance covarge/Less than deductable (0.5%)
A61: 46120 | C61: Apr | D61: 2026 | E61: 59 | F61: CAEMER25848800 | G61: BN01 | H61: PZU-Bond Area WH | I61: 4000000058 | J61: LENTIL TAT 20KG | L61: 206 | M61: =VLOOKUP(Table1[[#This Row],[BL NO.]],'BL NCs'!$E$3:$K$78,7,0) -> 16 | O61: 126 | P61: 49 | Q61: 13 | R61: =Table1[[#This Row],[Torn QTY]]-Table1[[#This Row],[loss]] -> 36 | S61: 20KG BAGS | T61: Import Container Damage/Short | U61: Marine Insuranse | V61: Import | W61: 49 torn bag/ 157 wet bag BL:CAEMER25848800, there is 20 bags excess. torn bags are not covered under insurance.With regards to the wet bags, damage comes within the internationally accepted tolerance limit of .5% , which is a prerequisite for the insurance company to consider / accept the claim. | X61: CIS report/LOP for wet bag | Y61: 15.465 | Z61: =Y61*M61 -> 247.44 | AA61: =Y61*AF61 -> 54668.775 | AB61: =AA61*M61 -> 874700.4 | AC61: 63416 | AD61: =AC61*M61 -> 1014656 | AE61: 0 | AF61: 3535 | AG61: Loss | AH61: N/A | AI61: Liminz | AJ61: Post-War | AK61: Rawan | AM61: Accept | AN61: Close | AO61: Not include under insurance covarge/Less than deductable | AQ61: 3185.79 | AR61: 0 | AS61: =AQ61-AR61 -> 3185.79 | AT61: =(AR61/AQ61-1)*-1 -> 1 | AU61: Not include under insurance covarge/Less than deductable (0.5%)
A62: 46120 | C62: Apr | D62: 2026 | E62: 60 | F62: CAEMER25848801 | G62: BN01 | H62: PZU-Bond Area WH | I62: 4000000058 | J62: LENTIL TAT 20KG | L62: 66 | M62: =VLOOKUP(Table1[[#This Row],[BL NO.]],'BL NCs'!$E$3:$K$78,7,0) -> 17 | O62: 127 | P62: 66 | Q62: 17 | R62: =Table1[[#This Row],[Torn QTY]]-Table1[[#This Row],[loss]] -> 49 | S62: 20KG BAGS | T62: Import Container Damage/Short | U62: Marine Insuranse | V62: Import | W62: 66 torn bag BL:CAEMER25848801, there is excess 36 bags. Torn bags are not covered under insurance. | X62: CIS report | Y62: 15.465 | Z62: =Y62*M62 -> 262.905 | AA62: =Y62*AF62 -> 54668.775 | AB62: =AA62*M62 -> 929369.18 | AC62: 63416 | AD62: =AC62*M62 -> 1078072 | AE62: 0 | AF62: 3535 | AG62: Loss | AH62: N/A | AI62: Liminz | AJ62: Post-War | AK62: Rawan | AM62: Accept | AN62: Close | AO62: Not include under insurance covarge | AQ62: 1020.69 | AR62: 0 | AS62: =AQ62-AR62 -> 1020.69 | AT62: =(AR62/AQ62-1)*-1 -> 1 | AU62: Not include under insurance covarge
A63: 46120 | C63: Apr | D63: 2026 | E63: 61 | F63: NSM/SE/175, | G63: BN01 | H63: PZU-Bond Area WH | I63: 4000000088 | J63: RICE LONG ELNGM 20K | L63: 149 | M63: =VLOOKUP(Table1[[#This Row],[BL NO.]],'BL NCs'!$E$3:$K$78,7,0) -> 116 | O63: 130 | P63: 48 | Q63: 0 | R63: =Table1[[#This Row],[Torn QTY]]-Table1[[#This Row],[loss]] -> 48 | S63: 20KG BAGS | T63: Import Container Damage/Short | U63: Marine Insuranse | V63: Import | W63: 48 torn bag/ 101 short bag BL:NSM/SE/175, torn bags are not covered under insurance. Short bag less than deductable 0.5% | X63: CIS report/LOP for short bag | Y63: 7.9624832 | Z63: =Y63*M63 -> 923.64805 | AA63: =Y63*AF63 -> 28147.378 | AB63: =AA63*M63 -> 3265095.9 | AC63: 34287.78 | AD63: =AC63*M63 -> 3977382.5 | AE63: 0 | AF63: 3535 | AG63: Loss | AH63: Pending | AI63: Jeenue | AJ63: Post-War | AK63: Rawan | AM63: Accept | AN63: Close | AO63: Not include under insurance covarge/Less than deductable | AQ63: 1186.41 | AR63: 0 | AS63: =AQ63-AR63 -> 1186.41 | AT63: =(AR63/AQ63-1)*-1 -> 1 | AU63: Not include under insurance covarge/Less than deductable (0.5%)
A64: 46152 | C64: May | D64: 2026 | E64: 62 | F64: CAEMER26120701 | G64: TX01 | H64: PZU-Alnasseg WH | I64: 4000000058 | J64: LENTIL TAT 20KG | L64: 122 | M64: =VLOOKUP(Table1[[#This Row],[BL NO.]],'BL NCs'!$E$3:$K$78,7,0) -> 57 | O64: 139 | P64: 77 | Q64: 0 | R64: =Table1[[#This Row],[Torn QTY]]-Table1[[#This Row],[loss]] -> 77 | S64: 20KG BAGS | T64: Import Container Damage/Short | U64: Marine Insuranse | V64: Import | W64: 77 torn bag/41 Rejected bag/ 4 wet bag BL:CAEMER26120701.Torn bags are not covered under insurance, for wet & reject bag less than deductable .05%. | X64: CIS report/LOP | Y64: 15.47 | Z64: =Y64*M64 -> 881.79 | AA64: =Y64*AF64 -> 62808.2 | AB64: =AA64*M64 -> 3580067.4 | AC64: 69278 | AD64: =AC64*M64 -> 3948846 | AE64: 0 | AF64: 4060 | AG64: Loss | AH64: N/A | AI64: Jeenue | AJ64: Post-War | AK64: Rawan | AM64: Accept | AN64: Close | AO64: Not include under insurance covarge/Less than deductable | AQ64: =Table1[[#This Row],[Total Value USD]] -> 881.79 | AR64: 0 | AS64: =AQ64-AR64 -> 881.79 | AT64: =(AR64/AQ64-1)*-1 -> 1 | AU64: Not include under insurance covarge/Less than deductable (0.5%)
A65: 46152 | C65: May | D65: 2026 | E65: 63 | F65: CAEMER26120700 | G65: TX01 | H65: PZU-Alnasseg WH | I65: 4000000058 | J65: LENTIL TAT 20KG | L65: 94 | M65: =VLOOKUP(Table1[[#This Row],[BL NO.]],'BL NCs'!$E$3:$K$78,7,0) -> 66 | O65: 138-Comment | P65: 39 | Q65: 0 | R65: =Table1[[#This Row],[Torn QTY]]-Table1[[#This Row],[loss]] -> 39 | S65: 20KG BAGS | T65: Import Container Damage/Short | U65: Marine Insuranse | V65: Import | W65: 39 torn bag/35 Rejected bag/ 20 wet bag BL:CAEMER26120700.Torn bags are not covered under insurance for reject and wet bag less than deductable .05% | X65: CIS report/LOP | Y65: 15.47 | Z65: =Y65*M65 -> 1021.02 | AA65: =Y65*AF65 -> 62808.2 | AB65: =AA65*M65 -> 4145341.2 | AC65: 69278 | AD65: =AC65*M65 -> 4572348 | AE65: 0 | AF65: 4060 | AG65: Pending | AH65: N/A | AI65: Jeenue | AJ65: Post-War | AK65: Rawan | AM65: Accept | AN65: Close | AO65: Not include under insurance covarge/Less than deductable | AQ65: =Table1[[#This Row],[Total Value USD]] -> 1021.02 | AR65: 0 | AS65: =AQ65-AR65 -> 1021.02 | AT65: =(AR65/AQ65-1)*-1 -> 1 | AU65: Not include under insurance covarge/Less than deductable (0.5%)
A66: 46152 | C66: May | D66: 2026 | E66: 64 | F66: CAEMER26120702 | G66: BN01 | H66: PZU-Custom WH | I66: 4000000058 | J66: LENTIL TAT 20KG | L66: 182 | M66: =VLOOKUP(Table1[[#This Row],[BL NO.]],'BL NCs'!$E$3:$K$78,7,0) -> 156 | O66: 141 | P66: 39 | Q66: 13 | R66: =Table1[[#This Row],[Torn QTY]]-Table1[[#This Row],[loss]] -> 26 | S66: 20KG BAGS | T66: Import Container Damage/Short | U66: Marine Insuranse | V66: Import | W66: 39 torn bag/65 Rejected bag/ 78 wet bag BL:CAEMER26120702.Torn bags are not covered under insurance for reject and wet bag less than deductable .05% | X66: CIS report/LOP | Y66: 15.25 | Z66: =Y66*M66 -> 2379 | AA66: =Y66*AF66 -> 61915 | AB66: =AA66*M66 -> 9658740 | AC66: 69278 | AD66: =AC66*M66 -> 10807368 | AE66: 0 | AF66: 4060 | AG66: Pending | AH66: N/A | AI66: Jeenue | AJ66: Post-War | AK66: Rawan | AM66: Accept | AN66: Close | AO66: Not include under insurance covarge/Less than deductable | AQ66: =Table1[[#This Row],[Total Value USD]] -> 2379 | AR66: 0 | AS66: =AQ66-AR66 -> 2379 | AT66: =(AR66/AQ66-1)*-1 -> 1 | AU66: Not include under insurance covarge/Less than deductable (0.5%)
A67: 46153 | C67: May | D67: 2026 | E67: 65 | F67: CAEMER26120704 | G67: TX01 | H67: PZU-Alnasseg WH | I67: 4000000058 | J67: LENTIL TAT 20KG | L67: 69 | M67: =VLOOKUP(Table1[[#This Row],[BL NO.]],'BL NCs'!$E$3:$K$78,7,0) -> 50 | O67: 142 | P67: 25 | Q67: 7 | R67: =Table1[[#This Row],[Torn QTY]]-Table1[[#This Row],[loss]] -> 18 | S67: 20KG BAGS | T67: Import Container Damage/Short | U67: Marine Insuranse | V67: Import | W67: 25 torn bag/14 Rejected bag/ 29 wet bag BL:CAEMER26120704. | X67: CIS report/LOP | Y67: 15.41 | Z67: =Y67*M67 -> 770.5 | AA67: =Y67*AF67 -> 62564.6 | AB67: =AA67*M67 -> 3128230 | AC67: 69278 | AD67: =AC67*M67 -> 3463900 | AE67: 0 | AF67: 4060 | AG67: Pending | AH67: N/A | AI67: Jeenue | AJ67: Post-War | AK67: Rawan | AM67: Pending | AN67: Pending | AO67: Case submitted/ Waiting Insurance feedback | AQ67: =Table1[[#This Row],[Total Value USD]] -> 770.5 | AR67: 0 | AS67: =AQ67-AR67 -> 770.5 | AT67: =(AR67/AQ67-1)*-1 -> 1 | AU67: Waiting Feedback
A68: 46188 | C68: =TEXT(A68,"MMM") -> Jun | D68: =YEAR(A68) -> 2026 | E68: 66 | F68: SHNSAPZU25110204 | G68: BN01 | H68: PZU-Bond Area WH | I68: 4000000088 | J68: RICE LONG ELNGM 20K | L68: 160 | M68: =VLOOKUP(Table1[[#This Row],[BL NO.]],'BL NCs'!$E$3:$K$78,7,0) -> 15 | O68: 123 | P68: 160 | Q68: 15 | R68: =Table1[[#This Row],[Torn QTY]]-Table1[[#This Row],[loss]] -> 145 | S68: 20KG BAGS | T68: Import Container Damage/Short | U68: Marine Insuranse | V68: Import | W68: 160 torn bag BL:SHNSAPZU25110204. Torn bags are not include under insurance coverage | X68: CIS Report | Y68: 7.7991826 | Z68: =Y68*M68 -> 116.98774 | AA68: =Y68*AF68 -> 35750.907 | AB68: =AA68*M68 -> 536263.6 | AC68: 69836.24 | AD68: =AC68*M68 -> 1047543.6 | AE68: 0 | AF68: 4583.93 | AG68: Loss | AH68: N/A | AI68: Jeenue | AJ68: Post-War | AK68: Rawan | AM68: Reject | AN68: Close | AO68: Not include under insurance covarge | AQ68: =Z68 -> 116.98774 | AR68: 0 | AS68: =AQ68-AR68 -> 116.98774 | AT68: =(AR68/AQ68-1)*-1 -> 1 | AU68: Not include under insurance covarge
A69: 46197 | C69: =TEXT(A69,"MMM") -> Jun | D69: =YEAR(A69) -> 2026 | E69: 67 | F69: CAEMER26224201 | G69: BN01 | H69: PZU-Bond Area WH | I69: 4000000058 | J69: LENTIL TAT 20KG | L69: 53 | M69: =VLOOKUP(Table1[[#This Row],[BL NO.]],'BL NCs'!$E$3:$K$78,7,0) -> 0 | O69: 160 | P69: 40 | Q69: 0 | R69: =Table1[[#This Row],[Torn QTY]]-Table1[[#This Row],[loss]] -> 40 | S69: 20KG BAGS | T69: Import Container Damage/Short | U69: Marine Insuranse | V69: Import | W69: 40 torn bag/13 wet bags BL:CAEMER26224201. | X69: CIS Report | Y69: 15.253569 | Z69: =Y69*M69 -> 0 | AA69: =Y69*AF69 -> 69921.295 | AB69: =AA69*M69 -> 0 | AC69: 69836.24 | AD69: =AC69*M69 -> 0 | AE69: 0 | AF69: 4583.93 | AG69: Pending | AH69: N/A | AI69: Jeenue | AJ69: Post-War | AK69: Rawan | AM69: Pending | AN69: Pending | AO69: Case submitted/ Waiting Insurance feedback | AQ69: =Z69 -> 0 | AR69: 0 | AS69: =AQ69-AR69 -> 0 | AT69: =(AR69/AQ69-1)*-1 -> #DIV/0! | AU69: Waiting Feedback
A70: 46197 | C70: =TEXT(A70,"MMM") -> Jun | D70: =YEAR(A70) -> 2026 | E70: 68 | F70: CAEMER26224202 | G70: BN01 | H70: PZU-Bond Area WH | I70: 4000000058 | J70: LENTIL TAT 20KG | L70: 29 | M70: =VLOOKUP(Table1[[#This Row],[BL NO.]],'BL NCs'!$E$3:$K$78,7,0) -> 0 | O70: 161 | P70: 29 | Q70: 0 | R70: =Table1[[#This Row],[Torn QTY]]-Table1[[#This Row],[loss]] -> 29 | S70: 20KG BAGS | T70: Import Container Damage/Short | U70: Marine Insuranse | V70: Import | W70: 29 torn bag BL:CAEMER26224202. | X70: CIS Report | Y70: 15.253569 | Z70: =Y70*M70 -> 0 | AA70: =Y70*AF70 -> 69921.295 | AB70: =AA70*M70 -> 0 | AC70: 69836.24 | AD70: =AC70*M70 -> 0 | AE70: 0 | AF70: 4583.93 | AG70: Pending | AH70: N/A | AI70: Jeenue | AJ70: Post-War | AK70: Rawan | AM70: Pending | AN70: Pending | AO70: Case submitted/ Waiting Insurance feedback | AQ70: =Z70 -> 0 | AR70: 0 | AS70: =AQ70-AR70 -> 0 | AT70: =(AR70/AQ70-1)*-1 -> #DIV/0! | AU70: Waiting Feedback
A71: 46197 | C71: =TEXT(A71,"MMM") -> Jun | D71: =YEAR(A71) -> 2026 | E71: 69 | F71: CAEMER26224203 | G71: BN01 | H71: PZU-Bond Area WH | I71: 4000000058 | J71: LENTIL TAT 20KG | L71: 92 | M71: =VLOOKUP(Table1[[#This Row],[BL NO.]],'BL NCs'!$E$3:$K$78,7,0) -> 2 | O71: 162 | P71: 90 | Q71: 0 | R71: =Table1[[#This Row],[Torn QTY]]-Table1[[#This Row],[loss]] -> 90 | S71: 20KG BAGS | T71: Import Container Damage/Short | U71: Marine Insuranse | V71: Import | W71: 90 torn bag/2 wet bags BL:CAEMER26224203. | X71: CIS Report | Y71: 15.253569 | Z71: =Y71*M71 -> 30.507139 | AA71: =Y71*AF71 -> 69921.295 | AB71: =AA71*M71 -> 139842.59 | AC71: 69836.24 | AD71: =AC71*M71 -> 139672.48 | AE71: 0 | AF71: 4583.93 | AG71: Pending | AH71: N/A | AI71: Jeenue | AJ71: Post-War | AK71: Rawan | AM71: Pending | AN71: Pending | AO71: Case submitted/ Waiting Insurance feedback | AQ71: =Z71 -> 30.507139 | AR71: 0 | AS71: =AQ71-AR71 -> 30.507139 | AT71: =(AR71/AQ71-1)*-1 -> 1 | AU71: Waiting Feedback
A72: 46197 | C72: =TEXT(A72,"MMM") -> Jun | D72: =YEAR(A72) -> 2026 | E72: 70 | F72: CAEMER26224204 | G72: BN01 | H72: PZU-Bond Area WH | I72: 4000000058 | J72: LENTIL TAT 20KG | L72: 118 | M72: =VLOOKUP(Table1[[#This Row],[BL NO.]],'BL NCs'!$E$3:$K$78,7,0) -> 39 | O72: Not found | P72: 79 | Q72: 0 | R72: =Table1[[#This Row],[Torn QTY]]-Table1[[#This Row],[loss]] -> 79 | S72: 20KG BAGS | T72: Import Container Damage/Short | U72: Marine Insuranse | V72: Import | W72: 79 torn bag/39 wet bags BL:CAEMER26224204. | X72: CIS Report | Y72: 15.253569 | Z72: =Y72*M72 -> 594.88921 | AA72: =Y72*AF72 -> 69921.295 | AB72: =AA72*M72 -> 2726930.5 | AC72: 69836.24 | AD72: =AC72*M72 -> 2723613.4 | AE72: 0 | AF72: 4583.93 | AG72: Pending | AH72: N/A | AI72: Jeenue | AJ72: Post-War | AK72: Rawan | AM72: Pending | AN72: Pending | AO72: Case submitted/ Waiting Insurance feedback | AQ72: =Z72 -> 594.88921 | AR72: 0 | AS72: =AQ72-AR72 -> 594.88921 | AT72: =(AR72/AQ72-1)*-1 -> 1 | AU72: Waiting Feedback
A73: 46222 | C73: =TEXT(A73,"MMM") -> Jul | D73: =YEAR(A73) -> 2026 | E73: 71 | F73: CAEMER26294102 | G73: BN01 | H73: PZU-Bond Area WH | I73: 4000000058 | J73: LENTIL TAT 20KG | L73: 32 | M73: =VLOOKUP(Table1[[#This Row],[BL NO.]],'BL NCs'!$E$3:$K$78,7,0) -> 1 | R73: =Table1[[#This Row],[Torn QTY]]-Table1[[#This Row],[loss]] -> 0 | S73: 20KG BAGS | T73: Import Container Damage/Short | U73: Marine Insuranse | V73: Import | W73: 31 torn bag/1 wet bags BL:CAEMER26294102.Torn bags are not covered under insurance for wet bag less than deductable .05% | X73: CIS report/LOP | Y73: 15.75 | Z73: =Y73*M73 -> 15.75 | AA73: =Y73*AF73 -> 88578 | AB73: =AA73*M73 -> 88578 | AC73: 84257.98 | AD73: =AC73*M73 -> 84257.98 | AE73: 0 | AF73: 5624 | AG73: Loss | AH73: N/A | AI73: Liminz | AJ73: Post-War | AK73: Rawan | AM73: Accept | AN73: Close | AO73: Not include under insurance covarge/Less than deductable | AQ73: =Z73 -> 15.75 | AR73: 0 | AS73: =AQ73-AR73 -> 15.75 | AT73: =(AR73/AQ73-1)*-1 -> 1 | AU73: Not include under insurance covarge/Less than deductable (0.5%)
A74: 46222 | C74: =TEXT(A74,"MMM") -> Jul | D74: =YEAR(A74) -> 2026 | E74: 72 | F74: CAEMER26294103 | G74: BN01 | H74: PZU-Bond Area WH | I74: 4000000058 | J74: LENTIL TAT 20KG | L74: 25 | M74: =VLOOKUP(Table1[[#This Row],[BL NO.]],'BL NCs'!$E$3:$K$78,7,0) -> 0 | R74: =Table1[[#This Row],[Torn QTY]]-Table1[[#This Row],[loss]] -> 0 | S74: 20KG BAGS | T74: Import Container Damage/Short | U74: Marine Insuranse | V74: Import | W74: 25 torn bag BL:CAEMER26294103.Torn bags are not covered under insurance | X74: CIS report/LOP | Y74: 15.75 | Z74: =Y74*M74 -> 0 | AA74: =Y74*AF74 -> 88578 | AB74: =AA74*M74 -> 0 | AC74: 84257.98 | AD74: =AC74*M74 -> 0 | AE74: 0 | AF74: 5624 | AG74: Loss | AH74: N/A | AI74: Liminz | AJ74: Post-War | AK74: Rawan | AM74: Accept | AN74: Close | AO74: Not include under insurance covarge | AQ74: =Z74 -> 0 | AR74: 0 | AS74: =AQ74-AR74 -> 0 | AT74: =(AR74/AQ74-1)*-1 -> #DIV/0! | AU74: Not include under insurance covarge
A75: 46225 | C75: =TEXT(A75,"MMM") -> Jul | D75: =YEAR(A75) -> 2026 | E75: 73 | F75: VCLMERPZU5248326 | G75: TX01 | H75: PZU-Alnasseg WH | I75: 4000000058 | J75: LENTIL TAT 20KG | L75: =56+23 -> 79 | M75: =VLOOKUP(Table1[[#This Row],[BL NO.]],'BL NCs'!$E$3:$K$78,7,0) -> 0 | R75: =Table1[[#This Row],[Torn QTY]]-Table1[[#This Row],[loss]] -> 0 | S75: 20KG BAGS | T75: Import Container Damage/Short | U75: Marine Insuranse | V75: Import | W75: 23 torn bag & 56 Hight polisg BL:VCLMERPZU5248326.Twill update by final loss after repacking of torn and hight polish. | X75: CIS report/LOP | Y75: 15.260109 | Z75: =Y75*M75 -> 0 | AA75: =Y75*AF75 -> 85822.853 | AB75: =AA75*M75 -> 0 | AC75: 84257.98 | AD75: =AC75*M75 -> 0 | AE75: 0 | AF75: 5624 | AG75: Pending | AH75: N/A | AI75: Jeenue | AJ75: Post-War | AK75: Rawan | AM75: Pending | AN75: Pending | AO75: Not include under insurance covarge/Less than deductable | AQ75: =Z75 -> 0 | AR75: 0 | AS75: =AQ75-AR75 -> 0 | AT75: =(AR75/AQ75-1)*-1 -> #DIV/0! | AU75: Waiting Feedback
A76: 46244 | C76: =TEXT(A76,"MMM") -> Aug | D76: =YEAR(A76) -> 2026 | E76: 74 | F76: CAEMER26338900 | G76: BN01 | H76: PZU-Bond Area WH | I76: 4000000058 | J76: LENTIL TAT 20KG | L76: 18 | M76: =VLOOKUP(Table1[[#This Row],[BL NO.]],'BL NCs'!$E$3:$K$78,7,0) -> 0 | R76: =Table1[[#This Row],[Torn QTY]]-Table1[[#This Row],[loss]] -> 0 | S76: 20KG BAGS | T76: Import Container Damage/Short | U76: Marine Insuranse | V76: Import | W76: 18 torn bag BL:CAEMER26338900. | X76: CIS report/LOP | Y76: 16.020872 | Z76: =Y76*M76 -> 0 | AA76: =Y76*AF76 -> 94587.228 | AB76: =AA76*M76 -> 0 | AC76: 90450.49 | AD76: =AC76*M76 -> 0 | AF76: 5904 | AG76: Pending | AH76: N/A | AI76: Jeenue | AJ76: Post-War | AK76: Rawan | AM76: Pending | AN76: Pending | AO76: Not include under insurance covarge/Less than deductable | AQ76: =Z76 -> 0 | AR76: 0 | AS76: =AQ76-AR76 -> 0 | AT76: =(AR76/AQ76-1)*-1 -> #DIV/0! | AU76: Waiting Feedback
A77: 46244 | C77: =TEXT(A77,"MMM") -> Aug | D77: =YEAR(A77) -> 2026 | E77: 75 | F77: VCLMERPZU5268326 | G77: BN01 | H77: PZU-Bond Area WH | I77: 4000000058 | J77: LENTIL TAT 20KG | L77: 28 | M77: =VLOOKUP(Table1[[#This Row],[BL NO.]],'BL NCs'!$E$3:$K$78,7,0) -> 0 | R77: =Table1[[#This Row],[Torn QTY]]-Table1[[#This Row],[loss]] -> 0 | S77: 20KG BAGS | T77: Import Container Damage/Short | U77: Marine Insuranse | V77: Import | W77: 28 torn bag BL:VCLMERPZU5268326. | X77: CIS report/LOP | Y77: 16.020872 | Z77: =Y77*M77 -> 0 | AA77: =Y77*AF77 -> 94587.228 | AB77: =AA77*M77 -> 0 | AC77: 90450.49 | AD77: =AC77*M77 -> 0 | AF77: 5904 | AG77: Pending | AH77: N/A | AI77: Jeenue | AJ77: Post-War | AK77: Rawan | AM77: Pending | AN77: Pending | AO77: Not include under insurance covarge/Less than deductable | AQ77: =Z77 -> 0 | AR77: 0 | AS77: =AQ77-AR77 -> 0 | AT77: =(AR77/AQ77-1)*-1 -> #DIV/0! | AU77: Waiting Feedback

Sheet BL NCs
N1: Survey report QTY | S1: Torn repacking result | V1: High-polish repacking result | Y1: Defected Qty after Repacking Results | AB1: Local sale value | AN1: Claim amount calculation
A2: Date | B2: Month | C2: Year | D2: Case Number | E2: BL NO. | F2: WH | G2: Location | H2: Product | I2: Product Description | J2: Initial Quantity | K2: Claim Loss and damge Quantity | L2: Claim Quantity2 | M2: NC number | N2: QTY Quality decision as local sale (wet bags) | O2: Short | P2: Reject | Q2: Hight polish | R2: Torn bags decision as Repacking | S2: loss | T2: Waste Bags | U2: Sound after repacking/bags | V2: loss | W2: Wet Bags | X2: Sound after repacking/bags | Y2: Claim Loss and damge Quantity | Z2: Unit Value - USD | AA2: Total defect QTY Value - USD | AB2: Wet bags | AC2: Unit price - SDG | AD2: Total Sale Value - SDG | AE2: Unit Value - USD | AF2: Total Wet Sale Value - USD | AG2: Wast bags | AH2: Unit price - SDG | AI2: Total Sale Value - SDG | AJ2: Unit Value - USD | AK2: Total Waste Sale Value - USD | AL2: Exchange Rate | AM2: Total Wet/Waste Sale Value - USD | AN2: Total Claim value | AO2: Hight polish | AP2: wet bag | AQ2: loss | AR2: Short | AS2: Reject | AT2: Waste unit price SDG | AU2: Wet/Downgrade unit price SDG | AV2: Wast value | AW2: Wet Value | AX2: Total Value SDG | AY2: Claim value before deduct local sale value | AZ2: Different | BA2: Unit | BB2: Cause of Loss | BC2: Insurance Type | BD2: Type | BE2: Detailed Description | BF2: Available documents | BG2: Unit Cost USD | BH2: Total Value USD | BI2: Unit Cost - SDG | BJ2: Total Value SDG | BK2: STD Cost-SDG | BL2: STD Value-SDG | BM2: Compensation Value | BN2: Exchange Rate | BO2: Compensation Status | BP2: System Status | BQ2: Follow Up Person | BR2: Period Type | BS2: Report by | BT2: Remark | BU2: Claim Status | BV2: Status | BW2: Status Update | BX2: Claim Value USD | BY2: Compensation Value USD | BZ2: Different | CA2: % of different | CB2: Remark of different | CC2: Remark | CD2: Repacking status
A3: 45603 | B3: =TEXT(A3,"MMM") -> Nov | C3: =YEAR(A3) -> 2024 | D3: 1 | E3: 3100033205A | F3: XI | G3: PZU-Bond area | H3: LE0001 | I3: LENTIL TAT 20KG | J3: 0 | K3: =N3+O3+P3+S3+T3+V3+W3 -> 0 | L3: 0 | M3: Zero QTY | N3: 0 | O3: 0 | P3: 0 | Q3: 0 | R3: 0 | S3: 0 | T3: 0 | U3: =R3-S3-T3 -> 0 | X3: =Q3-V3-W3 -> 0 | Y3: =N3+O3+P3+S3+T3+V3+W3 -> 0 | Z3: 0 | AA3: =Y3*Z3 -> 0 | AB3: =N3+W3 -> 0 | AF3: 0 | AG3: =T3 -> 0 | AK3: 0 | AL3: 0 | AM3: =AF3+AK3 -> 0 | AN3: =AA3-AM3 -> 0 | AO3: 0 | AR3: 0 | AS3: 0 | AY3: =VLOOKUP(E3,Table1[[BL NO.]:[Total Value USD]],21,0) -> 0 | AZ3: =AN3-AY3 -> 0 | BA3: 20KG BAGS | BB3: Import Container Damage/Short | BC3: Marine Insuranse | BD3: Import | BE3: Final inspection report, which confirms that there are no damaged bags as previously reported Container NO:FYCU7233921, BL NO:3100033205A | BF3: CIS report | BG3: 0 | BH3: =BG3*K3 -> 0 | BI3: 0 | BJ3: =BI3*L3 -> 0 | BK3: 0 | BL3: =BK3*L3 -> 0 | BM3: =BY3 -> 0 | BN3: 0 | BO3: No claim required (Zero loss) | BP3: N/A | BQ3: Ajay/Limitz | BR3: Post-War | BS3: Rawan | BU3: Accept | BV3: Close | BW3: No cargo damage | BX3: =BH3 -> 0 | BY3: 0 | BZ3: =BX3-BY3 -> 0 | CA3: =(BY3/BX3-1)*-1 -> #DIV/0! | CB3: No cargo damage
A4: 45603 | B4: =TEXT(A4,"MMM") -> Nov | C4: =YEAR(A4) -> 2024 | D4: 2 | E4: XERNSAPSZU14324. | F4: XI | G4: PZU-Bond area | H4: RC0004 | I4: RICE LONG ELNGM 20K | J4: 215 | K4: =N4+O4+P4+S4+T4+V4+W4 -> 215 | L4: 215 | M4: Not found | N4: 215 | O4: 0 | P4: 0 | Q4: 0 | R4: 0 | S4: 0 | T4: 0 | U4: =R4-S4-T4 -> 0 | X4: =Q4-V4-W4 -> 0 | Y4: =N4+O4+P4+S4+T4+V4+W4 -> 215 | Z4: 11.609302 | AA4: =Y4*Z4 -> 2496 | AB4: =N4+W4 -> 215 | AF4: =AD4/AL4 -> 0 | AG4: =T4 -> 0 | AK4: =AI4/AL4 -> 0 | AL4: 2372 | AM4: =AF4+AK4 -> 0 | AN4: =AA4-AM4 -> 2496 | AO4: 0 | AR4: 0 | AS4: 0 | AY4: =VLOOKUP(E4,Table1[[BL NO.]:[Total Value USD]],21,0) -> 2496 | AZ4: =AN4-AY4 -> 0 | BA4: 20KG BAGS | BB4: Import Container Damage/Short | BC4: Marine Insuranse | BD4: Import | BE4: Shipment arrived Bond Area, container NO: JZPU1111481, BL XERNSAPSZU14324. The damage quantity of rice in 20kg bags is (215 bags 20KG) noted in wet and damage condition. We have received 50% of claim amount after the standard deduction (as per the policy) from insurance company. From insurance side they have made payment and closed their file, amount received is $1248. | BF4: CIS report/Photo | BG4: 11.609302 | BH4: =BG4*K4 -> 2496 | BI4: 34000 | BJ4: =BI4*L4 -> 7310000 | BK4: 30750 | BL4: =BK4*L4 -> 6611250 | BM4: =BY4 -> 1248 | BN4: 2372 | BO4: Compensated | BP4: Adjusted | BQ4: Ajay/Shijil | BR4: Post-War | BS4: Rawan | BU4: Accept | BV4: Close | BW4: Insurance compensation | BX4: 2496 | BY4: 1248 | BZ4: =BX4-BY4 -> 1248 | CA4: =(BY4/BX4-1)*-1 -> 0.5 | CB4: As Shijil Email, We have received 50% of claim amount after the standard deduction (as per the policy) from insurance company. | CC4: As Shijil Email, We have received 50% of claim amount after the standard deduction (as per the policy) from insurance company.
A5: 45630 | B5: =TEXT(A5,"MMM") -> Dec | C5: =YEAR(A5) -> 2024 | D5: 3 | E5: 245672578 | F5: XI | G5: PZU-Bond area | H5: LE0001 | I5: LENTIL TAT 20KG | J5: 0 | K5: =N5+O5+P5+S5+T5+V5+W5 -> 0 | L5: 0 | M5: Zero QTY | N5: 0 | O5: 0 | P5: 0 | Q5: 0 | R5: 0 | S5: 0 | T5: 0 | U5: =R5-S5-T5 -> 0 | X5: =Q5-V5-W5 -> 0 | Y5: =N5+O5+P5+S5+T5+V5+W5 -> 0 | Z5: 0 | AA5: =Y5*Z5 -> 0 | AB5: =N5+W5 -> 0 | AF5: 0 | AG5: =T5 -> 0 | AK5: 0 | AL5: 0 | AM5: =AF5+AK5 -> 0 | AN5: =AA5-AM5 -> 0 | AO5: 0 | AR5: 0 | AS5: 0 | AY5: =VLOOKUP(E5,Table1[[BL NO.]:[Total Value USD]],21,0) -> 0 | AZ5: =AN5-AY5 -> 0 | BA5: 20KG BAGS | BB5: Import Container Damage/Short | BC5: Marine Insuranse | BD5: Import | BE5: Final inspection report, which confirms that there are no damaged bags as previously reported Container NO: CAAU6382276 /BL 245672578 | BF5: CIS report | BG5: 0 | BH5: =BG5*K5 -> 0 | BI5: 0 | BJ5: =BI5*L5 -> 0 | BK5: 0 | BL5: =BK5*L5 -> 0 | BM5: =BY5 -> 0 | BN5: 0 | BO5: No claim required (Zero loss) | BP5: N/A | BQ5: Ajay/Limitz | BR5: Post-War | BS5: Rawan | BU5: Accept | BV5: Close | BW5: No cargo damage | BX5: =BH5 -> 0 | BY5: 0 | BZ5: =BX5-BY5 -> 0 | CA5: =(BY5/BX5-1)*-1 -> #DIV/0! | CB5: No cargo damage
A6: 45630 | B6: =TEXT(A6,"MMM") -> Dec | C6: =YEAR(A6) -> 2024 | D6: 4 | E6: 245672856 | F6: XI | G6: PZU-Bond area | H6: LE0001 | I6: LENTIL TAT 20KG | J6: 0 | K6: =N6+O6+P6+S6+T6+V6+W6 -> 0 | L6: 0 | M6: Zero QTY | N6: 0 | O6: 0 | P6: 0 | Q6: 0 | R6: 0 | S6: 0 | T6: 0 | U6: =R6-S6-T6 -> 0 | X6: =Q6-V6-W6 -> 0 | Y6: =N6+O6+P6+S6+T6+V6+W6 -> 0 | Z6: 0 | AA6: =Y6*Z6 -> 0 | AB6: =N6+W6 -> 0 | AF6: 0 | AG6: =T6 -> 0 | AK6: 0 | AL6: 0 | AM6: =AF6+AK6 -> 0 | AN6: =AA6-AM6 -> 0 | AO6: 0 | AR6: 0 | AS6: 0 | AY6: =VLOOKUP(E6,Table1[[BL NO.]:[Total Value USD]],21,0) -> 0 | AZ6: =AN6-AY6 -> 0 | BA6: 20KG BAGS | BB6: Import Container Damage/Short | BC6: Marine Insuranse | BD6: Import | BE6: Final inspection report, which confirms that there are no damaged bags as previously reported Container NO:MSKU0899606 /BL 245672856 | BF6: CIS report | BG6: 0 | BH6: =BG6*K6 -> 0 | BI6: 0 | BJ6: =BI6*L6 -> 0 | BK6: 0 | BL6: =BK6*L6 -> 0 | BM6: =BY6 -> 0 | BN6: 0 | BO6: No claim required (Zero loss) | BP6: N/A | BQ6: Ajay/Limitz | BR6: Post-War | BS6: Rawan | BU6: Accept | BV6: Close | BW6: No cargo damage | BX6: =BH6 -> 0 | BY6: 0 | BZ6: =BX6-BY6 -> 0 | CA6: =(BY6/BX6-1)*-1 -> #DIV/0! | CB6: No cargo damage
A7: 45630 | B7: =TEXT(A7,"MMM") -> Dec | C7: =YEAR(A7) -> 2024 | D7: 4 | E7: 245672856 | F7: XI | G7: PZU-Bond area | H7: LE0001 | I7: LENTIL TAT 20KG | J7: 21 | K7: =N7+O7+P7+S7+T7+V7+W7 -> 21 | L7: 21 | M7: Not found | N7: 21 | O7: 0 | P7: 0 | Q7: 0 | R7: 0 | S7: 0 | T7: 0 | U7: =R7-S7-T7 -> 0 | X7: =Q7-V7-W7 -> 0 | Y7: =N7+O7+P7+S7+T7+V7+W7 -> 21 | Z7: 20.68 | AA7: =Y7*Z7 -> 434.28 | AB7: =N7+W7 -> 21 | AF7: =AD7/AL7 -> 0 | AG7: =T7 -> 0 | AK7: =AI7/AL7 -> 0 | AL7: 2350 | AM7: =AF7+AK7 -> 0 | AN7: =AA7-AM7 -> 434.28 | AO7: 0 | AR7: 0 | AS7: 0 | AY7: 434.28 | AZ7: =AN7-AY7 -> 0 | BA7: 20KG BAGS | BB7: Import Container Damage/Short | BC7: Marine Insuranse | BD7: Import | BE7: Shipment arrived Bond Area, Container NO: MVIU0022134 /BL 245672856-The damage quantity of rice in 20kg bags is (21 bags 20KG), having received 434,28 USD being the insurance claim amount. | BF7: CIS report/LOP | BG7: 20.68 | BH7: =BG7*K7 -> 434.28 | BI7: =BG7*BN7 -> 48598 | BJ7: =BI7*L7 -> 1020558 | BK7: 47408.368 | BL7: =BK7*L7 -> 995575.74 | BM7: =BY7 -> 434.28 | BN7: 2350 | BO7: Compensated | BP7: Adjusted | BQ7: Ajay/Limitz | BR7: Post-War | BS7: Rawan | BU7: Accept | BV7: Close | BW7: Insurance compensation | BX7: =BH7 -> 434.28 | BY7: 434.28 | BZ7: =BX7-BY7 -> 0 | CA7: =(BY7/BX7-1)*-1 -> 0 | CB7: Insurance compensated
A8: 45636 | B8: =TEXT(A8,"MMM") -> Dec | C8: =YEAR(A8) -> 2024 | D8: 5 | E8: XERNSAPSZU1462425 | F8: XI | G8: PZU-Bond area | H8: RC0004 | I8: RICE LONG ELNGM 20K | J8: 25 | K8: =N8+O8+P8+S8+T8+V8+W8 -> 25 | L8: 25 | M8: Not found | N8: 25 | O8: 0 | P8: 0 | Q8: 0 | R8: 0 | S8: 0 | T8: 0 | U8: =R8-S8-T8 -> 0 | X8: =Q8-V8-W8 -> 0 | Y8: =N8+O8+P8+S8+T8+V8+W8 -> 25 | Z8: 13.327962 | AA8: =Y8*Z8 -> 333.19904 | AB8: =N8+W8 -> 25 | AF8: =AD8/AL8 -> 0 | AG8: =T8 -> 0 | AK8: =AI8/AL8 -> 0 | AL8: 2350 | AM8: =AF8+AK8 -> 0 | AN8: =AA8-AM8 -> 333.19904 | AO8: 0 | AR8: 0 | AS8: 0 | AY8: =VLOOKUP(E8,Table1[[BL NO.]:[Total Value USD]],21,0) -> 333.19904 | AZ8: =AN8-AY8 -> 0 | BA8: 20KG BAGS | BB8: Import Container Damage/Short | BC8: Marine Insuranse | BD8: Import | BE8: Shipment arrived Bond Area, Container NO:TEMU4187019 /BL XERNSAPSZU1462425 (14 bags), XERNSAPSZU1472425(11 bags) Total (25 bags). The damage quantity of rice in 20kg bags is 25 bags 20KG), case reject There is 0.5% excess payable for each claim (in this case $1826.55). Claim Value of 25 bags is less than 0.5% excess value hence insurance company has closed the file. | BF8: CIS report/LOP | BG8: 13.327962 | BH8: =BG8*K8 -> 333.19904 | BI8: 31320.71 | BJ8: =BI8*L8 -> 783017.75 | BK8: 29520.555 | BL8: =BK8*L8 -> 738013.89 | BM8: =BY8 -> 0 | BN8: 2350 | BO8: Loss | BP8: Adjusted | BQ8: Ajay/Shijil | BR8: Post-War | BS8: Rawan | BU8: Accept | BV8: Close | BW8: Less than deductable | BX8: =BH8 -> 333.19904 | BY8: 0 | BZ8: =BX8-BY8 -> 333.19904 | CA8: =(BY8/BX8-1)*-1 -> 1 | CB8: Less than deductable (0.5%)
A9: 45682 | B9: =TEXT(A9,"MMM") -> Jan | C9: =YEAR(A9) -> 2025 | D9: 6 | E9: 247070297 | F9: XI | G9: PZU | H9: LE0001 | I9: LENTIL TAT 20KG | J9: 45 | K9: =N9+O9+P9+S9+T9+V9+W9 -> 45 | L9: 45 | M9: Short | N9: 0 | O9: 45 | P9: 0 | Q9: 0 | R9: 0 | S9: 0 | T9: 0 | U9: =R9-S9-T9 -> 0 | X9: =Q9-V9-W9 -> 0 | Y9: =N9+O9+P9+S9+T9+V9+W9 -> 45 | Z9: 20.135917 | AA9: =Y9*Z9 -> 906.11628 | AB9: =N9+W9 -> 0 | AF9: =AD9/AL9 -> 0 | AG9: =T9 -> 0 | AK9: =AI9/AL9 -> 0 | AL9: 2582.45 | AM9: =AF9+AK9 -> 0 | AN9: =AA9-AM9 -> 906.11628 | AO9: 0 | AR9: 45 | AS9: 0 | AY9: =VLOOKUP(E9,Table1[[BL NO.]:[Total Value USD]],21,0) -> 906.11628 | AZ9: =AN9-AY9 -> 0 | BA9: 20KG BAGS | BB9: Import Container Damage/Short | BC9: Marine Insuranse | BD9: Import | BE9: 45 bags found shortage at container BL:247070297 - MAEU247070297 | BF9: CIS report/LOP | BG9: 20.135917 | BH9: =BG9*K9 -> 906.11628 | BI9: 52000 | BJ9: =BI9*L9 -> 2340000 | BK9: 48417.057 | BL9: =BK9*L9 -> 2178767.6 | BM9: =BY9 -> 0 | BN9: 2582.45 | BO9: Pending | BP9: Adjusted | BQ9: Ajay/Limitz | BR9: Post-War | BS9: Rawan | BU9: Pending | BV9: Pending | BW9: Case submitted/ Waiting Insurance feedback | BX9: =BH9 -> 906.11628 | BY9: 0 | BZ9: =BX9-BY9 -> 906.11628 | CA9: =(BY9/BX9-1)*-1 -> 1 | CB9: Waiting Feedback
A10: 45701 | B10: =TEXT(A10,"MMM") -> Feb | C10: =YEAR(A10) -> 2025 | D10: 7 | E10: 248620904 | F10: XI | G10: PZU-Bond area | H10: LE0001 | I10: LENTIL TAT 20KG | J10: 54 | K10: =N10+O10+P10+S10+T10+V10+W10 -> 54 | L10: 54 | M10: Short | N10: 0 | O10: 54 | P10: 0 | Q10: 0 | R10: 0 | S10: 0 | T10: 0 | U10: =R10-S10-T10 -> 0 | X10: =Q10-V10-W10 -> 0 | Y10: =N10+O10+P10+S10+T10+V10+W10 -> 54 | Z10: 20.02 | AA10: =Y10*Z10 -> 1081.08 | AB10: =N10+W10 -> 0 | AF10: =AD10/AL10 -> 0 | AG10: =T10 -> 0 | AK10: =AI10/AL10 -> 0 | AL10: 2582.45 | AM10: =AF10+AK10 -> 0 | AN10: =AA10-AM10 -> 1081.08 | AO10: 0 | AR10: 54 | AS10: 0 | AY10: =VLOOKUP(E10,Table1[[BL NO.]:[Total Value USD]],21,0) -> 1081.08 | AZ10: =AN10-AY10 -> 0 | BA10: 20KG BAGS | BB10: Import Container Damage/Short | BC10: Marine Insuranse | BD10: Import | BE10: 54 bags found shortage at container BL:248620904 | BF10: CIS report/LOP | BG10: 20.02 | BH10: =BG10*K10 -> 1081.08 | BI10: 51700.649 | BJ10: =BI10*L10 -> 2791835 | BK10: 52451.812 | BL10: =BK10*L10 -> 2832397.8 | BM10: =BY10 -> 1081.08 | BN10: 2582.45 | BO10: Compensated | BP10: Adjusted | BQ10: Ajay/Limitz | BR10: Post-War | BS10: Rawan | BU10: Accept | BV10: Close | BW10: Insurance compensation | BX10: =BH10 -> 1081.08 | BY10: 1081.08 | BZ10: =BX10-BY10 -> 0 | CA10: =(BY10/BX10-1)*-1 -> 0 | CB10: Insurance compensated
A11: 45703 | B11: =TEXT(A11,"MMM") -> Feb | C11: =YEAR(A11) -> 2025 | D11: 8 | E11: 248619667 | F11: XI | G11: PZU-Bond area | H11: LE0001 | I11: LENTIL TAT 20KG | J11: 107 | K11: =N11+O11+P11+S11+T11+V11+W11 -> 107 | L11: 107 | M11: Short | N11: 0 | O11: 107 | P11: 0 | Q11: 0 | R11: 0 | S11: 0 | T11: 0 | U11: =R11-S11-T11 -> 0 | X11: =Q11-V11-W11 -> 0 | Y11: =N11+O11+P11+S11+T11+V11+W11 -> 107 | Z11: 20.02 | AA11: =Y11*Z11 -> 2142.14 | AB11: =N11+W11 -> 0 | AF11: =AD11/AL11 -> 0 | AG11: =T11 -> 0 | AK11: =AI11/AL11 -> 0 | AL11: 2582.45 | AM11: =AF11+AK11 -> 0 | AN11: =AA11-AM11 -> 2142.14 | AO11: 0 | AR11: 107 | AS11: 0 | AY11: =VLOOKUP(E11,Table1[[BL NO.]:[Total Value USD]],21,0) -> 2142.14 | AZ11: =AN11-AY11 -> 0 | BA11: 20KG BAGS | BB11: Import Container Damage/Short | BC11: Marine Insuranse | BD11: Import | BE11: 107 bags found shortage at container BL:248619667 | BF11: CIS report/LOP | BG11: 20.02 | BH11: =BG11*K11 -> 2142.14 | BI11: 51700.649 | BJ11: =BI11*L11 -> 5531969.4 | BK11: 52451.812 | BL11: =BK11*L11 -> 5612343.9 | BM11: =BY11 -> 2142.14 | BN11: 2582.45 | BO11: Compensated | BP11: Adjusted | BQ11: Ajay/Limitz | BR11: Post-War | BS11: Rawan | BU11: Accept | BV11: Close | BW11: Insurance compensation | BX11: =BH11 -> 2142.14 | BY11: 2142.14 | BZ11: =BX11-BY11 -> 0 | CA11: =(BY11/BX11-1)*-1 -> 0 | CB11: Insurance compensated
A12: 45713 | B12: =TEXT(A12,"MMM") -> Feb | C12: =YEAR(A12) -> 2025 | D12: 9 | E12: 248620255 | F12: XI | G12: PZU-Bond area | H12: LE0001 | I12: LENTIL TAT 20KG | J12: 55 | K12: =N12+O12+P12+S12+T12+V12+W12 -> 55 | L12: 55 | M12: Short | N12: 0 | O12: 55 | P12: 0 | Q12: 0 | R12: 0 | S12: 0 | T12: 0 | U12: =R12-S12-T12 -> 0 | X12: =Q12-V12-W12 -> 0 | Y12: =N12+O12+P12+S12+T12+V12+W12 -> 55 | Z12: 20.02 | AA12: =Y12*Z12 -> 1101.1 | AB12: =N12+W12 -> 0 | AF12: =AD12/AL12 -> 0 | AG12: =T12 -> 0 | AK12: =AI12/AL12 -> 0 | AL12: 2582.45 | AM12: =AF12+AK12 -> 0 | AN12: =AA12-AM12 -> 1101.1 | AO12: 0 | AR12: 55 | AS12: 0 | AY12: =VLOOKUP(E12,Table1[[BL NO.]:[Total Value USD]],21,0) -> 1101.1 | AZ12: =AN12-AY12 -> 0 | BA12: 20KG BAGS | BB12: Import Container Damage/Short | BC12: Marine Insuranse | BD12: Import | BE12: 55 bags found shortage at container BL:248620255 | BF12: CIS report/LOP | BG12: =BH12/L12 -> 20.02 | BH12: =BG12*K12 -> 0 | BI12: 51700.649 | BJ12: =BI12*L12 -> 2843535.7 | BK12: 52451.812 | BL12: =BK12*L12 -> 2884849.7 | BM12: =BY12 -> 1101.1 | BN12: 2582.45 | BO12: Compensated | BP12: Adjusted | BQ12: Ajay/Limitz | BR12: Post-War | BS12: Rawan | BU12: Accept | BV12: Close | BW12: Insurance compensation | BX12: =BH12 -> 1101.1 | BY12: 1101.1 | BZ12: =BX12-BY12 -> 0 | CA12: =(BY12/BX12-1)*-1 -> 0 | CB12: Insurance compensated
A13: 45714 | B13: =TEXT(A13,"MMM") -> Feb | C13: =YEAR(A13) -> 2025 | D13: 10 | E13: 248621429 | F13: XI | G13: PZU-Bond area | H13: LE0001 | I13: LENTIL TAT 20KG | J13: 30 | K13: =N13+O13+P13+S13+T13+V13+W13 -> 30 | L13: 30 | M13: Short | N13: 0 | O13: 30 | P13: 0 | Q13: 0 | R13: 0 | S13: 0 | T13: 0 | U13: =R13-S13-T13 -> 0 | X13: =Q13-V13-W13 -> 0 | Y13: =N13+O13+P13+S13+T13+V13+W13 -> 30 | Z13: 20 | AA13: =Y13*Z13 -> 600 | AB13: =N13+W13 -> 0 | AF13: =AD13/AL13 -> 0 | AG13: =T13 -> 0 | AK13: =AI13/AL13 -> 0 | AL13: 2582.45 | AM13: =AF13+AK13 -> 0 | AN13: =AA13-AM13 -> 600 | AO13: 0 | AR13: 30 | AS13: 0 | AY13: =VLOOKUP(E13,Table1[[BL NO.]:[Total Value USD]],21,0) -> 600 | AZ13: =AN13-AY13 -> 0 | BA13: 20KG BAGS | BB13: Import Container Damage/Short | BC13: Marine Insuranse | BD13: Import | BE13: 30 bags found shortage at container BL:248621429 | BF13: CIS report/LOP | BG13: =BH13/L13 -> 20 | BH13: =BG13*K13 -> 0 | BI13: =BG13*BN13 -> 51649 | BJ13: =BI13*L13 -> 1549470 | BK13: 52451.812 | BL13: =BK13*L13 -> 1573554.4 | BM13: =BY13 -> 600 | BN13: 2582.45 | BO13: Compensated | BP13: Adjusted | BQ13: Ajay/Limitz | BR13: Post-War | BS13: Rawan | BU13: Accept | BV13: Close | BW13: Insurance compensation | BX13: =BH13 -> 600 | BY13: 600 | BZ13: =BX13-BY13 -> 0 | CA13: =(BY13/BX13-1)*-1 -> 0 | CB13: Insurance compensated
A14: 45722 | B14: =TEXT(A14,"MMM") -> Mar | C14: =YEAR(A14) -> 2025 | D14: 11 | E14: 248622146 | F14: E2 | G14: PZU | H14: LE0001 | I14: LENTIL TAT 20KG | J14: 62 | K14: =N14+O14+P14+S14+T14+V14+W14 -> 62 | L14: 62 | M14: Short | N14: 0 | O14: 62 | P14: 0 | Q14: 0 | R14: 0 | S14: 0 | T14: 0 | U14: =R14-S14-T14 -> 0 | X14: =Q14-V14-W14 -> 0 | Y14: =N14+O14+P14+S14+T14+V14+W14 -> 62 | Z14: 20.02 | AA14: =Y14*Z14 -> 1241.24 | AB14: =N14+W14 -> 0 | AF14: =AD14/AL14 -> 0 | AG14: =T14 -> 0 | AK14: =AI14/AL14 -> 0 | AL14: 2557.49 | AM14: =AF14+AK14 -> 0 | AN14: =AA14-AM14 -> 1241.24 | AO14: 0 | AR14: 62 | AS14: 0 | AY14: =VLOOKUP(E14,Table1[[BL NO.]:[Total Value USD]],21,0) -> 1241.24 | AZ14: =AN14-AY14 -> 0 | BA14: 20KG BAGS | BB14: Import Container Damage/Short | BC14: Marine Insuranse | BD14: Import | BE14: 62 bags found shortage at container BL:248622146 | BF14: CIS report/LOP | BG14: 20.02 | BH14: =BG14*K14 -> 1241.24 | BI14: =BG14*BN14 -> 51200.95 | BJ14: =BI14*L14 -> 3174458.9 | BK14: 50018.235 | BL14: =BK14*L14 -> 3101130.6 | BM14: =BY14 -> 1241.24 | BN14: 2557.49 | BO14: Compensated | BP14: Adjusted | BQ14: Ajay/Limitz | BR14: Post-War | BS14: Rawan | BU14: Accept | BV14: Close | BW14: Insurance compensation | BX14: =BH14 -> 1241.24 | BY14: 1241.24 | BZ14: =BX14-BY14 -> 0 | CA14: =(BY14/BX14-1)*-1 -> 0 | CB14: Insurance compensated
A15: 45745 | B15: =TEXT(A15,"MMM") -> Mar | C15: =YEAR(A15) -> 2025 | D15: 12 | E15: 248623021 | F15: E2 | G15: PZU | H15: LE0001 | I15: LENTIL TAT 20KG | J15: 54 | K15: =N15+O15+P15+S15+T15+V15+W15 -> 54 | L15: 54 | M15: Short | N15: 0 | O15: 54 | P15: 0 | Q15: 0 | R15: 0 | S15: 0 | T15: 0 | U15: =R15-S15-T15 -> 0 | X15: =Q15-V15-W15 -> 0 | Y15: =N15+O15+P15+S15+T15+V15+W15 -> 54 | Z15: 20.98 | AA15: =Y15*Z15 -> 1132.92 | AB15: =N15+W15 -> 0 | AF15: =AD15/AL15 -> 0 | AG15: =T15 -> 0 | AK15: =AI15/AL15 -> 0 | AL15: 2550 | AM15: =AF15+AK15 -> 0 | AN15: =AA15-AM15 -> 1132.92 | AO15: 0 | AR15: 54 | AS15: 0 | AY15: =VLOOKUP(E15,Table1[[BL NO.]:[Total Value USD]],21,0) -> 1132.92 | AZ15: =AN15-AY15 -> 0 | BA15: 20KG BAGS | BB15: Import Container Damage/Short | BC15: Marine Insuranse | BD15: Import | BE15: 54 bags found shortage at container BL:248623021 | BF15: CIS report/LOP | BG15: 20.98 | BH15: =BG15*K15 -> 1132.92 | BI15: 53500 | BJ15: 2889000 | BK15: 50018.235 | BL15: 2700984.7 | BM15: =BY15 -> 0 | BN15: 2550 | BO15: Loss | BP15: Adjusted | BQ15: Ajay/Limitz | BR15: Post-War | BS15: Rawan | BU15: Accept | BV15: Close | BW15: Less than deductable | BX15: =BH15 -> 1132.92 | BY15: 0 | BZ15: =BX15-BY15 -> 1132.92 | CA15: =(BY15/BX15-1)*-1 -> 1 | CB15: Less than deductable (0.5%)
A16: 45770 | B16: =TEXT(A16,"MMM") -> Apr | C16: =YEAR(A16) -> 2025 | D16: 13 | E16: 248624161 | F16: XZ | G16: PZU | H16: LE0001 | I16: LENTIL TAT 20KG | J16: 28 | K16: =N16+O16+P16+S16+T16+V16+W16 -> 28 | L16: 28 | M16: Short | N16: 0 | O16: 28 | P16: 0 | Q16: 0 | R16: 0 | S16: 0 | T16: 0 | U16: =R16-S16-T16 -> 0 | X16: =Q16-V16-W16 -> 0 | Y16: =N16+O16+P16+S16+T16+V16+W16 -> 28 | Z16: 22.71 | AA16: =Y16*Z16 -> 635.88 | AB16: =N16+W16 -> 0 | AF16: =AD16/AL16 -> 0 | AG16: =T16 -> 0 | AK16: =AI16/AL16 -> 0 | AL16: 2554.48 | AM16: =AF16+AK16 -> 0 | AN16: =AA16-AM16 -> 635.88 | AO16: 0 | AR16: 28 | AS16: 0 | AY16: =VLOOKUP(E16,Table1[[BL NO.]:[Total Value USD]],21,0) -> 635.88 | AZ16: =AN16-AY16 -> 0 | BA16: 20KG BAGS | BB16: Import Container Damage/Short | BC16: Marine Insuranse | BD16: Import | BE16: 28 bags found shortage at container BL:248624161 | BF16: CIS report/LOP | BG16: 22.71 | BH16: =BG16*K16 -> 635.88 | BI16: 58000 | BJ16: =BI16*L16 -> 1624000 | BK16: 50018.235 | BL16: =BK16*L16 -> 1400510.6 | BM16: =BY16 -> 0 | BN16: 2554.48 | BO16: Loss | BP16: Adjusted | BQ16: Ajay/Limitz | BR16: Post-War | BS16: Rawan | BU16: Accept | BV16: Close | BW16: Less than deductable | BX16: =BH16 -> 635.88 | BY16: 0 | BZ16: =BX16-BY16 -> 635.88 | CA16: =(BY16/BX16-1)*-1 -> 1 | CB16: Less than deductable (0.5%)
A17: 45770 | B17: =TEXT(A17,"MMM") -> Apr | C17: =YEAR(A17) -> 2025 | D17: 14 | E17: 248623393 | F17: XZ | G17: PZU | H17: LE0001 | I17: LENTIL TAT 20KG | J17: 23 | K17: =N17+O17+P17+S17+T17+V17+W17 -> 23 | L17: 23 | M17: Short | N17: 0 | O17: 23 | P17: 0 | Q17: 0 | R17: 0 | S17: 0 | T17: 0 | U17: =R17-S17-T17 -> 0 | X17: =Q17-V17-W17 -> 0 | Y17: =N17+O17+P17+S17+T17+V17+W17 -> 23 | Z17: 22.71 | AA17: =Y17*Z17 -> 522.33 | AB17: =N17+W17 -> 0 | AF17: =AD17/AL17 -> 0 | AG17: =T17 -> 0 | AK17: =AI17/AL17 -> 0 | AL17: 2554.48 | AM17: =AF17+AK17 -> 0 | AN17: =AA17-AM17 -> 522.33 | AO17: 0 | AR17: 23 | AS17: 0 | AY17: =VLOOKUP(E17,Table1[[BL NO.]:[Total Value USD]],21,0) -> 522.33 | AZ17: =AN17-AY17 -> 0 | BA17: 20KG BAGS | BB17: Import Container Damage/Short | BC17: Marine Insuranse | BD17: Import | BE17: 23 bags found shortage at container BL:248623393 | BF17: CIS report/LOP | BG17: 22.71 | BH17: =BG17*K17 -> 522.33 | BI17: 58000 | BJ17: =BI17*L17 -> 1334000 | BK17: 50018.235 | BL17: =BK17*L17 -> 1150419.4 | BM17: =BY17 -> 0 | BN17: 2554.48 | BO17: Loss | BP17: Adjusted | BQ17: Ajay/Limitz | BR17: Post-War | BS17: Rawan | BU17: Accept | BV17: Close | BW17: Less than deductable | BX17: =BH17 -> 522.33 | BY17: 0 | BZ17: =BX17-BY17 -> 522.33 | CA17: =(BY17/BX17-1)*-1 -> 1 | CB17: Less than deductable (0.5%)
A18: 45770 | B18: =TEXT(A18,"MMM") -> Apr | C18: =YEAR(A18) -> 2025 | D18: 15 | E18: 248623928 | F18: XZ | G18: PZU | H18: LE0001 | I18: LENTIL TAT 20KG | J18: 33 | K18: =N18+O18+P18+S18+T18+V18+W18 -> 33 | L18: 33 | M18: 53-Short | N18: 0 | O18: 33 | P18: 0 | Q18: 0 | R18: 0 | S18: 0 | T18: 0 | U18: =R18-S18-T18 -> 0 | X18: =Q18-V18-W18 -> 0 | Y18: =N18+O18+P18+S18+T18+V18+W18 -> 33 | Z18: 22.71 | AA18: =Y18*Z18 -> 749.43 | AB18: =N18+W18 -> 0 | AF18: =AD18/AL18 -> 0 | AG18: =T18 -> 0 | AK18: =AI18/AL18 -> 0 | AL18: 2554.48 | AM18: =AF18+AK18 -> 0 | AN18: =AA18-AM18 -> 749.43 | AO18: 0 | AR18: 33 | AS18: 0 | AY18: =VLOOKUP(E18,Table1[[BL NO.]:[Total Value USD]],21,0) -> 749.43 | AZ18: =AN18-AY18 -> 0 | BA18: 20KG BAGS | BB18: Import Container Damage/Short | BC18: Marine Insuranse | BD18: Import | BE18: 33 bags found shortage at container BL:248623928 | BF18: CIS report/LOP | BG18: 22.71 | BH18: =BG18*K18 -> 749.43 | BI18: 58000 | BJ18: =BI18*L18 -> 1914000 | BK18: 50018.235 | BL18: =BK18*L18 -> 1650601.7 | BM18: =BY18 -> 0 | BN18: 2554.48 | BO18: Loss | BP18: Adjusted | BQ18: Ajay/Limitz | BR18: Post-War | BS18: Rawan | BU18: Accept | BV18: Close | BW18: Less than deductable | BX18: =BH18 -> 749.43 | BY18: 0 | BZ18: =BX18-BY18 -> 749.43 | CA18: =(BY18/BX18-1)*-1 -> 1 | CB18: Less than deductable (0.5%)
A19: 45860 | B19: =TEXT(A19,"MMM") -> Jul | C19: =YEAR(A19) -> 2025 | D19: 16 | E19: CAEMER25262000 | F19: XI | G19: PZU-Bond area | H19: LE0001 | I19: LENTIL TAT 20KG | J19: 52 | K19: =N19+O19+P19+S19+T19+V19+W19 -> 6 | L19: 52 | M19: 42-Comment | N19: 6 | O19: 0 | P19: 0 | Q19: 0 | R19: 46 | S19: 0 | T19: 0 | U19: =R19-S19-T19 -> 46 | X19: =Q19-V19-W19 -> 0 | Y19: =N19+O19+P19+S19+T19+V19+W19 -> 6 | Z19: 18.54 | AA19: =Y19*Z19 -> 111.24 | AB19: =N19+W19 -> 6 | AF19: =AD19/AL19 -> 0 | AG19: =T19 -> 0 | AK19: =AI19/AL19 -> 0 | AL19: 2803 | AM19: =AF19+AK19 -> 0 | AN19: =AA19-AM19 -> 111.24 | AO19: 0 | AR19: 0 | AS19: 0 | AY19: =VLOOKUP(E19,Table1[[BL NO.]:[Total Value USD]],21,0) -> 111.24 | AZ19: =AN19-AY19 -> 0 | BA19: 20KG BAGS | BB19: Import Container Damage/Short | BC19: Marine Insuranse | BD19: Import | BE19: 46 torn 6 wet bag during descharge CAEMER25262000 | BF19: CIS report | BG19: 18.54 | BH19: =BG19*K19 -> 111.24 | BI19: =BG19*BN19 -> 51967.62 | BJ19: =BI19*L19 -> 2702316.2 | BK19: 41075.795 | BL19: =BK19*L19 -> 2135941.3 | BM19: =BY19 -> 0 | BN19: 2803 | BO19: Loss | BP19: N/A | BQ19: Ajay/Jeenue | BR19: Post-War | BS19: Rawan | BU19: Reject | BV19: Close | BW19: Case rejected | BX19: =BH19 -> 111.24 | BY19: 0 | BZ19: =BX19-BY19 -> 111.24 | CA19: =(BY19/BX19-1)*-1 -> 1 | CB19: Case Reject/No compensation | CC19: NC indicates only 5 wet bags.
A20: 45860 | B20: =TEXT(A20,"MMM") -> Jul | C20: =YEAR(A20) -> 2025 | D20: 17 | E20: CAEMER25262001 | F20: XI | G20: PZU-Bond area | H20: LE0001 | I20: LENTIL TAT 20KG | J20: 54 | K20: =N20+O20+P20+S20+T20+V20+W20 -> 3 | L20: 54 | M20: 49-Comment | N20: 3 | O20: 0 | P20: 0 | Q20: 0 | R20: 51 | S20: 0 | T20: 0 | U20: =R20-S20-T20 -> 51 | X20: =Q20-V20-W20 -> 0 | Y20: =N20+O20+P20+S20+T20+V20+W20 -> 3 | Z20: 18.54 | AA20: =Y20*Z20 -> 55.62 | AB20: =N20+W20 -> 3 | AF20: =AD20/AL20 -> 0 | AG20: =T20 -> 0 | AK20: =AI20/AL20 -> 0 | AL20: 2803 | AM20: =AF20+AK20 -> 0 | AN20: =AA20-AM20 -> 55.62 | AO20: 0 | AR20: 0 | AS20: 0 | AY20: =VLOOKUP(E20,Table1[[BL NO.]:[Total Value USD]],21,0) -> 55.62 | AZ20: =AN20-AY20 -> 0 | BA20: 20KG BAGS | BB20: Import Container Damage/Short | BC20: Marine Insuranse | BD20: Import | BE20: 51 torn bag 3 wet bag during descharge CAEMER25262001 | BF20: CIS report | BG20: 18.54 | BH20: =BG20*K20 -> 55.62 | BI20: 51967.62 | BJ20: =BI20*L20 -> 2806251.5 | BK20: 41075.795 | BL20: =BK20*L20 -> 2218092.9 | BM20: =BY20 -> 0 | BN20: 2803 | BO20: Loss | BP20: N/A | BQ20: Ajay/Jeenue | BR20: Post-War | BS20: Rawan | BU20: Reject | BV20: Close | BW20: Case rejected | BX20: =BH20 -> 55.62 | BY20: 0 | BZ20: =BX20-BY20 -> 55.62 | CA20: =(BY20/BX20-1)*-1 -> 1 | CB20: Case Reject/No compensation | CC20: Total QTY 139 torn bag not match the servey report 3 wet bag and 51 torn bags.
A21: 45860 | B21: =TEXT(A21,"MMM") -> Jul | C21: =YEAR(A21) -> 2025 | D21: 18 | E21: CAEMER25262002 | F21: XI | G21: PZU-Bond area | H21: LE0001 | I21: LENTIL TAT 20KG | J21: 67 | K21: =N21+O21+P21+S21+T21+V21+W21 -> 5 | L21: 67 | M21: Not found | N21: 5 | O21: 0 | P21: 0 | Q21: 0 | R21: 52 | S21: 0 | T21: 0 | U21: =R21-S21-T21 -> 52 | X21: =Q21-V21-W21 -> 0 | Y21: =N21+O21+P21+S21+T21+V21+W21 -> 5 | Z21: 18.54 | AA21: =Y21*Z21 -> 92.7 | AB21: =N21+W21 -> 5 | AF21: =AD21/AL21 -> 0 | AG21: =T21 -> 0 | AK21: =AI21/AL21 -> 0 | AL21: 2803 | AM21: =AF21+AK21 -> 0 | AN21: =AA21-AM21 -> 92.7 | AO21: 0 | AR21: 0 | AS21: 0 | AY21: =VLOOKUP(E21,Table1[[BL NO.]:[Total Value USD]],21,0) -> 92.7 | AZ21: =AN21-AY21 -> 0 | BA21: 20KG BAGS | BB21: Import Container Damage/Short | BC21: Marine Insuranse | BD21: Import | BE21: 52 torn bag 5 wet bag during descharge CAEMER25262002 | BF21: CIS report/Wet LOP | BG21: 18.54 | BH21: =BG21*K21 -> 92.7 | BI21: 51967.62 | BJ21: =BI21*L21 -> 3481830.5 | BK21: 41075.795 | BL21: =BK21*L21 -> 2752078.3 | BM21: =BY21 -> 0 | BN21: 2803 | BO21: Loss | BP21: N/A | BQ21: Ajay/Jeenue | BR21: Post-War | BS21: Rawan | BU21: Reject | BV21: Close | BW21: Case rejected | BX21: =BH21 -> 92.7 | BY21: 0 | BZ21: =BX21-BY21 -> 92.7 | CA21: =(BY21/BX21-1)*-1 -> 1 | CB21: Case Reject/No compensation | CC21: NC 48 QTY 36 torn bags not add BL number at NC
A22: 45875 | B22: =TEXT(A22,"MMM") -> Aug | C22: =YEAR(A22) -> 2025 | D22: 19 | E22: CAEMER25310000 | F22: XI | G22: PZU-Bond area | H22: LE0001 | I22: LENTIL TAT 20KG | J22: 50 | K22: =N22+O22+P22+S22+T22+V22+W22 -> 23 | L22: =50-23 -> 27 | M22: NC 47 | N22: 0 | O22: 0 | P22: 0 | Q22: 0 | R22: 50 | S22: 23 | T22: 0 | U22: =R22-S22-T22 -> 27 | X22: =Q22-V22-W22 -> 0 | Y22: =N22+O22+P22+S22+T22+V22+W22 -> 23 | Z22: 18.54 | AA22: =Y22*Z22 -> 426.42 | AB22: =N22+W22 -> 0 | AF22: =AD22/AL22 -> 0 | AG22: =T22 -> 0 | AK22: =AI22/AL22 -> 0 | AL22: 2803 | AM22: =AF22+AK22 -> 0 | AN22: =AA22-AM22 -> 426.42 | AO22: 0 | AR22: 0 | AS22: 0 | AY22: =VLOOKUP(E22,Table1[[BL NO.]:[Total Value USD]],21,0) -> 426.42 | AZ22: =AN22-AY22 -> 0 | BA22: 20KG BAGS | BB22: Import Container Damage/Short | BC22: Marine Insuranse | BD22: Import | BE22: 50 torn bag during descharge CAEMER25310000, case reject due there is ecxess at BL by 207 bags. | BF22: CIS report | BG22: 18.54 | BH22: =BG22*K22 -> 426.42 | BI22: 51967.62 | BJ22: =BI22*L22 -> 1403125.7 | BK22: 53401.106 | BL22: =BK22*L22 -> 1441829.8 | BM22: =BY22 -> 0 | BN22: 2803 | BO22: Loss | BP22: N/A | BQ22: Ajay/Jeenue | BR22: Post-War | BS22: Rawan | BU22: Reject | BV22: Close | BW22: Case rejected | BX22: =BH22 -> 426.42 | BY22: 0 | BZ22: =BX22-BY22 -> 426.42 | CA22: =(BY22/BX22-1)*-1 -> 1 | CB22: Case Reject/No compensation
A23: 45875 | B23: =TEXT(A23,"MMM") -> Aug | C23: =YEAR(A23) -> 2025 | D23: 20 | E23: CAEMER25310001 | F23: XI | G23: PZU-Bond area | H23: LE0001 | I23: LENTIL TAT 20KG | J23: 46 | K23: =N23+O23+P23+S23+T23+V23+W23 -> 23 | L23: =46-23 -> 23 | M23: NC 47 | N23: 0 | O23: 0 | P23: 0 | Q23: 0 | R23: 46 | S23: 23 | T23: 0 | U23: =R23-S23-T23 -> 23 | X23: =Q23-V23-W23 -> 0 | Y23: =N23+O23+P23+S23+T23+V23+W23 -> 23 | Z23: 18.54 | AA23: =Y23*Z23 -> 426.42 | AB23: =N23+W23 -> 0 | AF23: =AD23/AL23 -> 0 | AG23: =T23 -> 0 | AK23: =AI23/AL23 -> 0 | AL23: 2803 | AM23: =AF23+AK23 -> 0 | AN23: =AA23-AM23 -> 426.42 | AO23: 0 | AR23: 0 | AS23: 0 | AY23: =VLOOKUP(E23,Table1[[BL NO.]:[Total Value USD]],21,0) -> 426.42 | AZ23: =AN23-AY23 -> 0 | BA23: 20KG BAGS | BB23: Import Container Damage/Short | BC23: Marine Insuranse | BD23: Import | BE23: 46 torn bag during descharge CAEMER25310001,Case rject due there is ecxess at BL by 154 bags. | BF23: CIS report | BG23: 18.54 | BH23: =BG23*K23 -> 426.42 | BI23: 51967.62 | BJ23: =BI23*L23 -> 1195255.3 | BK23: 53401.106 | BL23: =BK23*L23 -> 1228225.4 | BM23: =BY23 -> 0 | BN23: 2803 | BO23: Loss | BP23: N/A | BQ23: Ajay/Jeenue | BR23: Post-War | BS23: Rawan | BU23: Reject | BV23: Close | BW23: Case rejected | BX23: =BH23 -> 426.42 | BY23: 0 | BZ23: =BX23-BY23 -> 426.42 | CA23: =(BY23/BX23-1)*-1 -> 1 | CB23: Case Reject/No compensation
A24: 45916 | B24: =TEXT(A24,"MMM") -> Sep | C24: =YEAR(A24) -> 2025 | D24: 21 | E24: CAEMER25406100 | F24: XI | G24: PZU-Bond area | H24: LE0001 | I24: LENTIL TAT 20KG | J24: 87 | K24: =N24+O24+P24+S24+T24+V24+W24 -> 27 | L24: =87-20 -> 67 | M24: NC 69 | N24: 7 | O24: 0 | P24: 0 | Q24: 0 | R24: 80 | S24: 20 | T24: 0 | U24: =R24-S24-T24 -> 60 | X24: =Q24-V24-W24 -> 0 | Y24: =N24+O24+P24+S24+T24+V24+W24 -> 27 | Z24: 18.38 | AA24: =Y24*Z24 -> 496.26 | AB24: =N24+W24 -> 7 | AF24: =AD24/AL24 -> 0 | AG24: =T24 -> 0 | AK24: =AI24/AL24 -> 0 | AL24: 3369.8 | AM24: =AF24+AK24 -> 0 | AN24: =AA24-AM24 -> 496.26 | AO24: 0 | AR24: 0 | AS24: 0 | AY24: =VLOOKUP(E24,Table1[[BL NO.]:[Total Value USD]],21,0) -> 496.26 | AZ24: =AN24-AY24 -> 0 | BA24: 20KG BAGS | BB24: Import Container Damage/Short | BC24: Marine Insuranse | BD24: Import | BE24: 80 torn bag during descharge and 7 wet bags, BL:CAEMER25406100, torn bags are not covered under the insurance. However, extra empty bags were shipped along with the cargo, which can be used to rebag | BF24: CIS report | BG24: 18.38 | BH24: =BG24*K24 -> 496.26 | BI24: =BG24*BN24 -> 61936.924 | BJ24: =BI24*L24 -> 4149773.9 | BK24: 45680.802 | BL24: =BK24*L24 -> 3060613.7 | BM24: 0 | BN24: 3369.8 | BO24: Loss | BP24: N/A | BQ24: Ajay/Jeenue | BR24: Post-War | BS24: Rawan | BU24: Reject | BV24: Close | BW24: Case rejected | BX24: =BH24 -> 496.26 | BY24: 0 | BZ24: =BX24-BY24 -> 496.26 | CA24: =(BY24/BX24-1)*-1 -> 1 | CB24: Case Reject/No compensation | CC24: NC No. 69: The survey report indicates 7 wet bags, while the NC records only 4 wet bags.
A25: 45916 | B25: =TEXT(A25,"MMM") -> Sep | C25: =YEAR(A25) -> 2025 | D25: 22 | E25: CAEMER25406101 | F25: XI | G25: PZU-Bond area | H25: LE0001 | I25: LENTIL TAT 20KG | J25: 60 | K25: =N25+O25+P25+S25+T25+V25+W25 -> 18 | L25: =60-18 -> 42 | M25: NC 70 | N25: 0 | O25: 0 | P25: 0 | Q25: 0 | R25: 60 | S25: 18 | T25: 0 | U25: =R25-S25-T25 -> 42 | X25: =Q25-V25-W25 -> 0 | Y25: =N25+O25+P25+S25+T25+V25+W25 -> 18 | Z25: 18.38 | AA25: =Y25*Z25 -> 330.84 | AB25: =N25+W25 -> 0 | AF25: =AD25/AL25 -> 0 | AG25: =T25 -> 0 | AK25: =AI25/AL25 -> 0 | AL25: 3369.8 | AM25: =AF25+AK25 -> 0 | AN25: =AA25-AM25 -> 330.84 | AO25: 0 | AR25: 0 | AS25: 0 | AY25: =VLOOKUP(E25,Table1[[BL NO.]:[Total Value USD]],21,0) -> 330.84 | AZ25: =AN25-AY25 -> 0 | BA25: 20KG BAGS | BB25: Import Container Damage/Short | BC25: Marine Insuranse | BD25: Import | BE25: 60 torn bag during descharge, BL:CAEMER25406101, torn bags are not covered under the insurance. However, extra empty bags were shipped along with the cargo, which can be used to rebag | BF25: CIS report | BG25: 18.38 | BH25: =BG25*K25 -> 330.84 | BI25: =BG25*BN25 -> 61936.924 | BJ25: =BI25*L25 -> 2601350.8 | BK25: 45680.802 | BL25: =BK25*L25 -> 1918593.7 | BM25: 0 | BN25: 3369.8 | BO25: Loss | BP25: N/A | BQ25: Ajay/Jeenue | BR25: Post-War | BS25: Rawan | BU25: Reject | BV25: Close | BW25: Case rejected | BX25: =BH25 -> 330.84 | BY25: 0 | BZ25: =BX25-BY25 -> 330.84 | CA25: =(BY25/BX25-1)*-1 -> 1 | CB25: Case Reject/No compensation
A26: 45930 | B26: =TEXT(A26,"MMM") -> Sep | C26: =YEAR(A26) -> 2025 | D26: 23 | E26: 257625382 | F26: XI | G26: PZU-Bond area | H26: LE0001 | I26: LENTIL TAT 20KG | J26: 40 | K26: =N26+O26+P26+S26+T26+V26+W26 -> 11 | L26: =40-11 -> 29 | M26: NC 75 | N26: 0 | O26: 0 | P26: 0 | Q26: 0 | R26: 40 | S26: 11 | T26: 0 | U26: =R26-S26-T26 -> 29 | X26: =Q26-V26-W26 -> 0 | Y26: =N26+O26+P26+S26+T26+V26+W26 -> 11 | Z26: 18.38 | AA26: =Y26*Z26 -> 202.18 | AB26: =N26+W26 -> 0 | AF26: =AD26/AL26 -> 0 | AG26: =T26 -> 0 | AK26: =AI26/AL26 -> 0 | AL26: 3369.8 | AM26: =AF26+AK26 -> 0 | AN26: =AA26-AM26 -> 202.18 | AO26: 0 | AR26: 0 | AS26: 0 | AY26: =VLOOKUP(E26,Table1[[BL NO.]:[Total Value USD]],21,0) -> 202.18 | AZ26: =AN26-AY26 -> 0 | BA26: 20KG BAGS | BB26: Import Container Damage/Short | BC26: Marine Insuranse | BD26: Import | BE26: 40 torn bag during descharge BL:257625382. | BF26: CIS report | BG26: 18.38 | BH26: =BG26*K26 -> 202.18 | BI26: =BG26*BN26 -> 61936.924 | BJ26: =BI26*L26 -> 1796170.8 | BK26: 45680.802 | BL26: =BK26*L26 -> 1324743.2 | BM26: 0 | BN26: 3369.8 | BO26: Loss | BP26: N/A | BQ26: Ajay/Jeenue | BR26: Post-War | BS26: Rawan | BU26: Reject | BV26: Close | BW26: Case rejected | BX26: =BH26 -> 202.18 | BY26: 0 | BZ26: =BX26-BY26 -> 202.18 | CA26: =(BY26/BX26-1)*-1 -> 1 | CB26: Case Reject/No compensation
A27: 45946 | B27: =TEXT(A27,"MMM") -> Oct | C27: =YEAR(A27) -> 2025 | D27: 24 | E27: CAEMER25481600 | F27: XI | G27: PZU-Bond area | H27: LE0001 | I27: LENTIL TAT 20KG | J27: 42 | K27: =N27+O27+P27+S27+T27+V27+W27 -> 14 | L27: =42-14 -> 28 | M27: NC 83 | N27: 0 | O27: 0 | P27: 0 | Q27: 0 | R27: 42 | S27: 14 | T27: 0 | U27: =R27-S27-T27 -> 28 | X27: =Q27-V27-W27 -> 0 | Y27: =N27+O27+P27+S27+T27+V27+W27 -> 14 | Z27: 18.38 | AA27: =Y27*Z27 -> 257.32 | AB27: =N27+W27 -> 0 | AF27: =AD27/AL27 -> 0 | AG27: =T27 -> 0 | AK27: =AI27/AL27 -> 0 | AL27: 3369.8 | AM27: =AF27+AK27 -> 0 | AN27: =AA27-AM27 -> 257.32 | AO27: 0 | AR27: 0 | AS27: 0 | AY27: =VLOOKUP(E27,Table1[[BL NO.]:[Total Value USD]],21,0) -> 257.32 | AZ27: =AN27-AY27 -> 0 | BA27: 20KG BAGS | BB27: Import Container Damage/Short | BC27: Marine Insuranse | BD27: Import | BE27: 42 torn bag during descharge BL:CAEMER25481600 | BF27: CIS report | BG27: 18.38 | BH27: =BG27*K27 -> 257.32 | BI27: =BG27*BN27 -> 61936.924 | BJ27: =BI27*L27 -> 1734233.9 | BK27: 45681 | BL27: =BK27*L27 -> 1279068 | BM27: 0 | BN27: 3369.8 | BO27: Loss | BP27: N/A | BQ27: Jeenue | BR27: Post-War | BS27: Rawan | BU27: Reject | BV27: Close | BW27: Case rejected | BX27: =BH27 -> 257.32 | BY27: 0 | BZ27: =BX27-BY27 -> 257.32 | CA27: =(BY27/BX27-1)*-1 -> 1 | CB27: Case Reject/No compensation
A28: 45946 | B28: =TEXT(A28,"MMM") -> Oct | C28: =YEAR(A28) -> 2025 | D28: 25 | E28: CAEMER25481700 | F28: XI | G28: PZU-Bond area | H28: LE0001 | I28: LENTIL TAT 20KG | J28: 41 | K28: =N28+O28+P28+S28+T28+V28+W28 -> 17 | L28: =41-17 -> 24 | M28: NC 84 | N28: 0 | O28: 0 | P28: 0 | Q28: 0 | R28: 41 | S28: 17 | T28: 0 | U28: =R28-S28-T28 -> 24 | X28: =Q28-V28-W28 -> 0 | Y28: =N28+O28+P28+S28+T28+V28+W28 -> 17 | Z28: 18.38 | AA28: =Y28*Z28 -> 312.46 | AB28: =N28+W28 -> 0 | AF28: =AD28/AL28 -> 0 | AG28: =T28 -> 0 | AK28: =AI28/AL28 -> 0 | AL28: 3369.8 | AM28: =AF28+AK28 -> 0 | AN28: =AA28-AM28 -> 312.46 | AO28: 0 | AR28: 0 | AS28: 0 | AY28: =VLOOKUP(E28,Table1[[BL NO.]:[Total Value USD]],21,0) -> 312.46 | AZ28: =AN28-AY28 -> 0 | BA28: 20KG BAGS | BB28: Import Container Damage/Short | BC28: Marine Insuranse | BD28: Import | BE28: 41 torn bag during descharge BL: CAEMER25481700 | BF28: CIS report | BG28: 18.38 | BH28: =BG28*K28 -> 312.46 | BI28: =BG28*BN28 -> 61936.924 | BJ28: =BI28*L28 -> 1486486.2 | BK28: 45681 | BL28: =BK28*L28 -> 1096344 | BM28: 0 | BN28: 3369.8 | BO28: Loss | BP28: N/A | BQ28: Jeenue | BR28: Post-War | BS28: Rawan | BU28: Reject | BV28: Close | BW28: Case rejected | BX28: =BH28 -> 312.46 | BY28: 0 | BZ28: =BX28-BY28 -> 312.46 | CA28: =(BY28/BX28-1)*-1 -> 1 | CB28: Case Reject/No compensation
A29: 45929 | B29: =TEXT(A29,"MMM") -> Sep | C29: =YEAR(A29) -> 2025 | D29: 26 | E29: SHNSAPZU25070094 | F29: XI | G29: PZU-Bond area | H29: RC0004 | I29: RICE LONG ELNGM 20K | J29: 127 | K29: =N29+O29+P29+S29+T29+V29+W29 -> 116 | L29: =127-(16+4) -> 107 | M29: NCs 122&125-Comment | N29: 7 | O29: 83 | P29: 0 | Q29: 0 | R29: 40 | S29: =16+3+4 -> 23 | T29: 3 | U29: =R29-S29-T29 -> 14 | X29: =Q29-V29-W29 -> 0 | Y29: =N29+O29+P29+S29+T29+V29+W29 -> 116 | Z29: 11.41 | AA29: =Y29*Z29 -> 1323.56 | AB29: =N29+W29 -> 7 | AF29: =AD29/AL29 -> 0 | AG29: =T29 -> 3 | AK29: =AI29/AL29 -> 0 | AL29: 3369.8 | AM29: =AF29+AK29 -> 0 | AN29: =AA29-AM29 -> 1323.56 | AO29: 0 | AR29: 83 | AS29: 0 | AY29: =VLOOKUP(E29,Table1[[BL NO.]:[Total Value USD]],21,0) -> 1323.56 | AZ29: =AN29-AY29 -> 0 | BA29: 20KG BAGS | BB29: Import Container Damage/Short | BC29: Marine Insuranse | BD29: Import | BE29: 40 torn bag/4 wet bag/83 shortagebag BL:SHNSAPZU25070094 all reqirment documents share, waiting for insurance feedback, first notification on 29-Sep-25 the final CIS report with final quantity on 17-Oct-25. | BF29: CIS report/LOP/e claim form/Claim report form | BG29: 11.41 | BH29: =BG29*K29 -> 1323.56 | BI29: =BG29*BN29 -> 38449.418 | BJ29: =BI29*L29 -> 4114087.7 | BK29: 31023 | BL29: =BK29*L29 -> 3319461 | BM29: 0 | BN29: 3369.8 | BO29: Loss | BP29: Adjusted | BQ29: Jeenue | BR29: Post-War | BS29: Rawan | BU29: Accept | BV29: Close | BW29: Less than deductable | BX29: =BH29 -> 1323.56 | BY29: 0 | BZ29: =BX29-BY29 -> 1323.56 | CA29: =(BY29/BX29-1)*-1 -> 1 | CB29: Less than deductable (0.5%) | CC29: NC No. 125: 7 wet bags were sold as AF. After repacking, an additional 3 bags were sold as AF, bringing the total to 10 bags.
A30: 45953 | B30: =TEXT(A30,"MMM") -> Oct | C30: =YEAR(A30) -> 2025 | D30: 27 | E30: 258447410 | F30: XI | G30: PZU-Bond area | H30: LE0001 | I30: LENTIL TAT 20KG | J30: 46 | K30: =N30+O30+P30+S30+T30+V30+W30 -> 34 | L30: 46 | M30: NC 86-Comment | N30: 0 | O30: 28 | P30: 0 | Q30: 0 | R30: 18 | S30: 6 | T30: 0 | U30: =R30-S30-T30 -> 12 | X30: =Q30-V30-W30 -> 0 | Y30: =N30+O30+P30+S30+T30+V30+W30 -> 34 | Z30: 17.416 | AA30: =Y30*Z30 -> 592.144 | AB30: =N30+W30 -> 0 | AF30: =AD30/AL30 -> 0 | AG30: =T30 -> 0 | AK30: =AI30/AL30 -> 0 | AL30: 3369.8 | AM30: =AF30+AK30 -> 0 | AN30: =AA30-AM30 -> 592.144 | AO30: 0 | AR30: 28 | AS30: 0 | AY30: =VLOOKUP(E30,Table1[[BL NO.]:[Total Value USD]],21,0) -> 592.144 | AZ30: =AN30-AY30 -> 0 | BA30: 20KG BAGS | BB30: Import Container Damage/Short | BC30: Marine Insuranse | BD30: Import | BE30: 18 torn bag / 28 short bag BL:258447410. As Dubai team email Torn bags are not covered under insurance. | BF30: CIS report/LOP | BG30: 17.416 | BH30: =BG30*K30 -> 592.144 | BI30: =BG30*BN30 -> 58688.437 | BJ30: =BI30*L30 -> 2699668.1 | BK30: 45681 | BL30: =BK30*L30 -> 2101326 | BM30: 0 | BN30: 3369.8 | BO30: Pending | BP30: Adjusted | BQ30: Jeenue | BR30: Post-War | BS30: Rawan | BU30: Pending | BV30: Pending | BW30: Case submitted/ Waiting Insurance feedback | BX30: =BH30 -> 592.144 | BY30: 0 | BZ30: =BX30-BY30 -> 592.144 | CA30: =(BY30/BX30-1)*-1 -> 1 | CB30: Waiting Feedback | CC30: The NC indicates that the damage was identified during offloading; however, the final quantity matches the survey report.
A31: 45959 | B31: =TEXT(A31,"MMM") -> Oct | C31: =YEAR(A31) -> 2025 | D31: 28 | E31: ASN/PZU/0825/11093 | F31: XI | G31: PZU-Bond area | H31: RC0004 | I31: RICE LONG ELNGM 20K | J31: 258 | K31: =N31+O31+P31+S31+T31+V31+W31 -> 255 | L31: =258-9 -> 249 | M31: NCs 93&94-Comment | N31: 121 | O31: 125 | P31: 0 | Q31: 0 | R31: 48 | S31: 9 | T31: 0 | U31: =R31-S31-T31 -> 39 | X31: =Q31-V31-W31 -> 0 | Y31: =N31+O31+P31+S31+T31+V31+W31 -> 255 | Z31: 8.75 | AA31: =Y31*Z31 -> 2231.25 | AB31: =N31+W31 -> 121 | AF31: =AD31/AL31 -> 0 | AG31: =T31 -> 0 | AK31: =AI31/AL31 -> 0 | AL31: 3547.59 | AM31: =AF31+AK31 -> 0 | AN31: =AA31-AM31 -> 2231.25 | AO31: 0 | AR31: 125 | AS31: 0 | AY31: =VLOOKUP(E31,Table1[[BL NO.]:[Total Value USD]],21,0) -> 2231.25 | AZ31: =AN31-AY31 -> 0 | BA31: 20KG BAGS | BB31: Import Container Damage/Short | BC31: Marine Insuranse | BD31: Import | BE31: 48 torn bag/ 85 wet bags/ 125 short bags BL:ASN/PZU/0825/11093, As email from Jeenu torn bag not cover under insurance. There is Final report update at 7 December 2025- 48 torn bag/ 129 wet bags/ 81 short bags but insurance not accept the update, they accept the first servey report. | BF31: CIS report/LOP | BG31: 8.75 | BH31: =BG31*K31 -> 2231.25 | BI31: =BG31*BN31 -> 31041.413 | BJ31: =BI31*L31 -> 7729311.7 | BK31: 23264.087 | BL31: =BK31*L31 -> 5792757.7 | BM31: 0 | BN31: 3547.59 | BO31: Pending | BP31: Adjusted | BQ31: Jeenue | BR31: Post-War | BS31: Rawan | BU31: Pending | BV31: Pending | BW31: Case submitted/ Waiting Insurance feedback | BX31: =BH31 -> 2231.25 | BY31: 0 | BZ31: =BX31-BY31 -> 2231.25 | CA31: =(BY31/BX31-1)*-1 -> 1 | CB31: Waiting Feedback | CC31: NC No. 94: The NC records 121 wet bags sold as AF, while the updated survey report records 129 wet bags.
A32: 45966 | B32: =TEXT(A32,"MMM") -> Nov | C32: =YEAR(A32) -> 2025 | D32: 29 | E32: 2501094EXY | F32: XI | G32: PZU-Bond area | H32: LE0001 | I32: LENTIL TAT 20KG | J32: 33 | K32: =N32+O32+P32+S32+T32+V32+W32 -> 9 | L32: =33-8 -> 25 | M32: NC 89 | N32: 0 | O32: 0 | P32: 0 | Q32: 0 | R32: 33 | S32: 8 | T32: 1 | U32: =R32-S32-T32 -> 24 | X32: =Q32-V32-W32 -> 0 | Y32: =N32+O32+P32+S32+T32+V32+W32 -> 9 | Z32: 16.52 | AA32: =Y32*Z32 -> 148.68 | AB32: =N32+W32 -> 0 | AF32: =AD32/AL32 -> 0 | AG32: =T32 -> 1 | AK32: =AI32/AL32 -> 0 | AL32: 3547.59 | AM32: =AF32+AK32 -> 0 | AN32: =AA32-AM32 -> 148.68 | AO32: 0 | AR32: 0 | AS32: 0 | AY32: =VLOOKUP(E32,Table1[[BL NO.]:[Total Value USD]],21,0) -> 148.68 | AZ32: =AN32-AY32 -> 0 | BA32: 20KG BAGS | BB32: Import Container Damage/Short | BC32: Marine Insuranse | BD32: Import | BE32: 33 torn bag during descharge BL: 2501094EXY, As email from Jeenu torn bag not cover under insurance. | BF32: CIS report | BG32: 16.52 | BH32: =BG32*K32 -> 148.68 | BI32: =BG32*BN32 -> 58606.187 | BJ32: =BI32*L32 -> 1465154.7 | BK32: 42710.473 | BL32: =BK32*L32 -> 1067761.8 | BM32: 0 | BN32: 3547.59 | BO32: Loss | BP32: N/A | BQ32: Jeenue | BR32: Post-War | BS32: Rawan | BU32: Reject | BV32: Close | BW32: Case rejected | BX32: =BH32 -> 148.68 | BY32: 0 | BZ32: =BX32-BY32 -> 148.68 | CA32: =(BY32/BX32-1)*-1 -> 1 | CB32: Case Reject/No compensation
A33: 45966 | B33: =TEXT(A33,"MMM") -> Nov | C33: =YEAR(A33) -> 2025 | D33: 30 | E33: 2501095EXY | F33: XI | G33: PZU-Bond area | H33: LE0001 | I33: LENTIL TAT 20KG | J33: 71 | K33: =N33+O33+P33+S33+T33+V33+W33 -> 16 | L33: =71-15 -> 56 | M33: NC 90 | N33: 0 | O33: 0 | P33: 0 | Q33: 0 | R33: 71 | S33: 15 | T33: 1 | U33: =R33-S33-T33 -> 55 | X33: =Q33-V33-W33 -> 0 | Y33: =N33+O33+P33+S33+T33+V33+W33 -> 16 | Z33: 16.52 | AA33: =Y33*Z33 -> 264.32 | AB33: =N33+W33 -> 0 | AF33: =AD33/AL33 -> 0 | AG33: =T33 -> 1 | AK33: =AI33/AL33 -> 0 | AL33: 3547.59 | AM33: =AF33+AK33 -> 0 | AN33: =AA33-AM33 -> 264.32 | AO33: 0 | AR33: 0 | AS33: 0 | AY33: =VLOOKUP(E33,Table1[[BL NO.]:[Total Value USD]],21,0) -> 264.32 | AZ33: =AN33-AY33 -> 0 | BA33: 20KG BAGS | BB33: Import Container Damage/Short | BC33: Marine Insuranse | BD33: Import | BE33: 71 torn bags during descharge BL: 2501095EXY, As email from Jeenu torn bag not cover under insurance. | BF33: CIS report | BG33: 16.52 | BH33: =BG33*K33 -> 264.32 | BI33: =BG33*BN33 -> 58606.187 | BJ33: =BI33*L33 -> 3281946.5 | BK33: 42710.473 | BL33: =BK33*L33 -> 2391786.5 | BM33: 0 | BN33: 3547.59 | BO33: Loss | BP33: N/A | BQ33: Jeenue | BR33: Post-War | BS33: Rawan | BU33: Reject | BV33: Close | BW33: Case rejected | BX33: =BH33 -> 264.32 | BY33: 0 | BZ33: =BX33-BY33 -> 264.32 | CA33: =(BY33/BX33-1)*-1 -> 1 | CB33: Case Reject/No compensation
A34: 45972 | B34: =TEXT(A34,"MMM") -> Nov | C34: =YEAR(A34) -> 2025 | D34: 31 | E34: 259338012 | F34: XI | G34: PZU-Bond area | H34: LE0001 | I34: LENTIL TAT 20KG | J34: 44 | K34: =N34+O34+P34+S34+T34+V34+W34 -> 5 | L34: =44-5 -> 39 | M34: NC 95 | N34: 0 | O34: 0 | P34: 0 | Q34: 0 | R34: 44 | S34: 5 | T34: 0 | U34: =R34-S34-T34 -> 39 | X34: =Q34-V34-W34 -> 0 | Y34: =N34+O34+P34+S34+T34+V34+W34 -> 5 | Z34: 17.43 | AA34: =Y34*Z34 -> 87.15 | AB34: =N34+W34 -> 0 | AF34: =AD34/AL34 -> 0 | AG34: =T34 -> 0 | AK34: =AI34/AL34 -> 0 | AL34: 3547.59 | AM34: =AF34+AK34 -> 0 | AN34: =AA34-AM34 -> 87.15 | AO34: 0 | AR34: 0 | AS34: 0 | AY34: =VLOOKUP(E34,Table1[[BL NO.]:[Total Value USD]],21,0) -> 87.15 | AZ34: =AN34-AY34 -> 0 | BA34: 20KG BAGS | BB34: Import Container Damage/Short | BC34: Marine Insuranse | BD34: Import | BE34: 44 torn bag during descharge BL: 259338012 ,As email from Jeenu torn bag not cover under insurance.. | BF34: CIS report | BG34: 17.43 | BH34: =BG34*K34 -> 87.15 | BI34: =BG34*BN34 -> 61834.494 | BJ34: =BI34*L34 -> 2411545.3 | BK34: 42710.473 | BL34: =BK34*L34 -> 1665708.5 | BM34: 0 | BN34: 3547.59 | BO34: Loss | BP34: N/A | BQ34: Jeenue | BR34: Post-War | BS34: Rawan | BU34: Reject | BV34: Close | BW34: Case rejected | BX34: =BH34 -> 87.15 | BY34: 0 | BZ34: =BX34-BY34 -> 87.15 | CA34: =(BY34/BX34-1)*-1 -> 1 | CB34: Case Reject/No compensation
A35: 45972 | B35: =TEXT(A35,"MMM") -> Nov | C35: =YEAR(A35) -> 2025 | D35: 32 | E35: 259649778 | F35: XI | G35: PZU-Bond area | H35: LE0001 | I35: LENTIL TAT 20KG | J35: 23 | K35: =N35+O35+P35+S35+T35+V35+W35 -> 7 | L35: =23-7 -> 16 | M35: NC 96 | N35: 0 | O35: 0 | P35: 0 | Q35: 0 | R35: 23 | S35: 7 | T35: 0 | U35: =R35-S35-T35 -> 16 | X35: =Q35-V35-W35 -> 0 | Y35: =N35+O35+P35+S35+T35+V35+W35 -> 7 | Z35: 17.43 | AA35: =Y35*Z35 -> 122.01 | AB35: =N35+W35 -> 0 | AF35: =AD35/AL35 -> 0 | AG35: =T35 -> 0 | AK35: =AI35/AL35 -> 0 | AL35: 3547.59 | AM35: =AF35+AK35 -> 0 | AN35: =AA35-AM35 -> 122.01 | AO35: 0 | AR35: 0 | AS35: 0 | AY35: =VLOOKUP(E35,Table1[[BL NO.]:[Total Value USD]],21,0) -> 122.01 | AZ35: =AN35-AY35 -> 0 | BA35: 20KG BAGS | BB35: Import Container Damage/Short | BC35: Marine Insuranse | BD35: Import | BE35: 23 torn bags during descharge BL: 259649778 ,As email from Jeenu torn bag not cover under insurance. | BF35: CIS report | BG35: 17.43 | BH35: =BG35*K35 -> 122.01 | BI35: =BG35*BN35 -> 61834.494 | BJ35: =BI35*L35 -> 989351.9 | BK35: 42710.473 | BL35: =BK35*L35 -> 683367.57 | BM35: 0 | BN35: 3547.59 | BO35: Loss | BP35: N/A | BQ35: Jeenue | BR35: Post-War | BS35: Rawan | BU35: Reject | BV35: Close | BW35: Case rejected | BX35: =BH35 -> 122.01 | BY35: 0 | BZ35: =BX35-BY35 -> 122.01 | CA35: =(BY35/BX35-1)*-1 -> 1 | CB35: Case Reject/No compensation
A36: 45978 | B36: =TEXT(A36,"MMM") -> Nov | C36: =YEAR(A36) -> 2025 | D36: 33 | E36: 2501096EXY | F36: XI | G36: PZU-Bond area | H36: LE0001 | I36: LENTIL TAT 20KG | J36: 84 | K36: =N36+O36+P36+S36+T36+V36+W36 -> 19 | L36: =84-19 -> 65 | M36: NC 100 | N36: 0 | O36: 0 | P36: 0 | Q36: 0 | R36: 84 | S36: 19 | T36: 0 | U36: =R36-S36-T36 -> 65 | X36: =Q36-V36-W36 -> 0 | Y36: =N36+O36+P36+S36+T36+V36+W36 -> 19 | Z36: 16.52 | AA36: =Y36*Z36 -> 313.88 | AB36: =N36+W36 -> 0 | AF36: =AD36/AL36 -> 0 | AG36: =T36 -> 0 | AK36: =AI36/AL36 -> 0 | AL36: 3547.59 | AM36: =AF36+AK36 -> 0 | AN36: =AA36-AM36 -> 313.88 | AO36: 0 | AR36: 0 | AS36: 0 | AY36: =VLOOKUP(E36,Table1[[BL NO.]:[Total Value USD]],21,0) -> 313.88 | AZ36: =AN36-AY36 -> 0 | BA36: 20KG BAGS | BB36: Import Container Damage/Short | BC36: Marine Insuranse | BD36: Import | BE36: 84 torn bag BL:2501096EXY, As email from Jeenu torn bag not cover under insurance. | BF36: CIS report | BG36: 16.52 | BH36: =BG36*K36 -> 313.88 | BI36: =BG36*BN36 -> 58606.187 | BJ36: =BI36*L36 -> 3809402.1 | BK36: 42710.473 | BL36: =BK36*L36 -> 2776180.8 | BM36: 0 | BN36: 3547.59 | BO36: Loss | BP36: N/A | BQ36: Jeenue | BR36: Post-War | BS36: Rawan | BU36: Reject | BV36: Close | BW36: Case rejected | BX36: =BH36 -> 313.88 | BY36: 0 | BZ36: =BX36-BY36 -> 313.88 | CA36: =(BY36/BX36-1)*-1 -> 1 | CB36: Case Reject/No compensation
A37: 45979 | B37: =TEXT(A37,"MMM") -> Nov | C37: =YEAR(A37) -> 2025 | D37: 34 | E37: CAEMER25549700 | F37: XI | G37: PZU-Bond area | H37: LE0001 | I37: LENTIL TAT 20KG | J37: 57 | K37: =N37+O37+P37+S37+T37+V37+W37 -> 8 | L37: =57-8 -> 49 | M37: NC 101 | N37: 0 | O37: 0 | P37: 0 | Q37: 0 | R37: 57 | S37: 8 | T37: 0 | U37: =R37-S37-T37 -> 49 | X37: =Q37-V37-W37 -> 0 | Y37: =N37+O37+P37+S37+T37+V37+W37 -> 8 | Z37: 16.52 | AA37: =Y37*Z37 -> 132.16 | AB37: =N37+W37 -> 0 | AF37: =AD37/AL37 -> 0 | AG37: =T37 -> 0 | AK37: =AI37/AL37 -> 0 | AL37: 3547.59 | AM37: =AF37+AK37 -> 0 | AN37: =AA37-AM37 -> 132.16 | AO37: 0 | AR37: 0 | AS37: 0 | AY37: =VLOOKUP(E37,Table1[[BL NO.]:[Total Value USD]],21,0) -> 132.16 | AZ37: =AN37-AY37 -> 0 | BA37: 20KG BAGS | BB37: Import Container Damage/Short | BC37: Marine Insuranse | BD37: Import | BE37: 57 torn bag BL:CAEMER25549700.As feedback from Jeenu torn bag not cover under insurance. | BF37: CIS report | BG37: 16.52 | BH37: =BG37*K37 -> 132.16 | BI37: =BG37*BN37 -> 58606.187 | BJ37: =BI37*L37 -> 2871703.2 | BK37: 42711.473 | BL37: =BK37*L37 -> 2092862.2 | BM37: 0 | BN37: 3547.59 | BO37: Loss | BP37: N/A | BQ37: Jeenue | BR37: Post-War | BS37: Rawan | BU37: Reject | BV37: Close | BW37: Case rejected | BX37: =BH37 -> 132.16 | BY37: 0 | BZ37: =BX37-BY37 -> 132.16 | CA37: =(BY37/BX37-1)*-1 -> 1 | CB37: Case Reject/No compensation
A38: 45993 | B38: =TEXT(A38,"MMM") -> Dec | C38: =YEAR(A38) -> 2025 | D38: 35 | E38: 257625599 | F38: XI | G38: PZU-Bond area | H38: LE0001 | I38: LENTIL TAT 20KG | J38: 35 | K38: =N38+O38+P38+S38+T38+V38+W38 -> 9 | L38: =35-9 -> 26 | M38: NC 76-Comment | N38: 0 | O38: 0 | P38: 0 | Q38: 0 | R38: 35 | S38: 9 | T38: 0 | U38: =R38-S38-T38 -> 26 | X38: =Q38-V38-W38 -> 0 | Y38: =N38+O38+P38+S38+T38+V38+W38 -> 9 | Z38: 17.744 | AA38: =Y38*Z38 -> 159.696 | AB38: =N38+W38 -> 0 | AF38: =AD38/AL38 -> 0 | AG38: =T38 -> 0 | AK38: =AI38/AL38 -> 0 | AL38: 3575.18 | AM38: =AF38+AK38 -> 0 | AN38: =AA38-AM38 -> 159.696 | AO38: 0 | AR38: 0 | AS38: 0 | AY38: =VLOOKUP(E38,Table1[[BL NO.]:[Total Value USD]],21,0) -> 159.696 | AZ38: =AN38-AY38 -> 0 | BA38: 20KG BAGS | BB38: Import Container Damage/Short | BC38: Marine Insuranse | BD38: Import | BE38: 35 torn bag BL:257625599.Torn bags are not covered under insurance | BF38: CIS report | BG38: 17.744 | BH38: =BG38*K38 -> 159.696 | BI38: =BG38*BN38 -> 63437.994 | BJ38: =BI38*L38 -> 1649387.8 | BK38: 23264.087 | BL38: =BK38*L38 -> 604866.27 | BM38: 0 | BN38: 3575.18 | BO38: Loss | BP38: N/A | BQ38: Jeenue | BR38: Post-War | BS38: Rawan | BU38: Reject | BV38: Close | BW38: Case rejected | BX38: =BH38 -> 159.696 | BY38: 0 | BZ38: =BX38-BY38 -> 159.696 | CA38: =(BY38/BX38-1)*-1 -> 1 | CB38: Case Reject/No compensation | CC38: The NC reports 31 torn bags, while the survey report records 35 torn bags. 4 torn bags were not reported in the NC.
A39: 45993 | B39: =TEXT(A39,"MMM") -> Dec | C39: =YEAR(A39) -> 2025 | D39: 36 | E39: 257625490 | F39: XI | G39: PZU-Bond area | H39: LE0001 | I39: LENTIL TAT 20KG | J39: 37 | K39: =N39+O39+P39+S39+T39+V39+W39 -> 17 | L39: =37-13 -> 24 | M39: NCs 82&99-Comment | N39: 4 | O39: 0 | P39: 0 | Q39: 0 | R39: 33 | S39: 13 | T39: 0 | U39: =R39-S39-T39 -> 20 | X39: =Q39-V39-W39 -> 0 | Y39: =N39+O39+P39+S39+T39+V39+W39 -> 17 | Z39: 17.744 | AA39: =Y39*Z39 -> 301.648 | AB39: =N39+W39 -> 4 | AF39: =AD39/AL39 -> 0 | AG39: =T39 -> 0 | AK39: =AI39/AL39 -> 0 | AL39: 3575.18 | AM39: =AF39+AK39 -> 0 | AN39: =AA39-AM39 -> 301.648 | AO39: 0 | AR39: 0 | AS39: 0 | AY39: =VLOOKUP(E39,Table1[[BL NO.]:[Total Value USD]],21,0) -> 301.648 | AZ39: =AN39-AY39 -> 0 | BA39: 20KG BAGS | BB39: Import Container Damage/Short | BC39: Marine Insuranse | BD39: Import | BE39: 37 torn bag BL:257625490.Torn bags are not covered under insurance | BF39: CIS report | BG39: 17.744 | BH39: =BG39*K39 -> 301.648 | BI39: =BG39*BN39 -> 63437.994 | BJ39: =BI39*L39 -> 1522511.9 | BK39: 23264.087 | BL39: =BK39*L39 -> 558338.09 | BM39: 0 | BN39: 3575.18 | BO39: Loss | BP39: N/A | BQ39: Jeenue | BR39: Post-War | BS39: Rawan | BU39: Reject | BV39: Close | BW39: Case rejected | BX39: =BH39 -> 301.648 | BY39: 0 | BZ39: =BX39-BY39 -> 301.648 | CA39: =(BY39/BX39-1)*-1 -> 1 | CB39: Case Reject/No compensation | CC39: The NC reports 33 torn bags and 4 wet bags, while the survey report records all 37 bags as torn.
A40: 45993 | B40: =TEXT(A40,"MMM") -> Dec | C40: =YEAR(A40) -> 2025 | D40: 37 | E40: 257906213 | F40: XI | G40: PZU-Bond area | H40: LE0001 | I40: LENTIL TAT 20KG | J40: =24+28 -> 52 | K40: =N40+O40+P40+S40+T40+V40+W40 -> 6 | L40: =52-6 -> 46 | M40: NCs 80&98-Comment | N40: 0 | O40: 0 | P40: 0 | Q40: 24 | R40: =28 -> 28 | S40: =5+1 -> 6 | T40: 0 | U40: =R40-S40-T40 -> 22 | X40: =Q40-V40-W40 -> 24 | Y40: =N40+O40+P40+S40+T40+V40+W40 -> 6 | Z40: 17.744 | AA40: =Y40*Z40 -> 106.464 | AB40: =N40+W40 -> 0 | AF40: =AD40/AL40 -> 0 | AG40: =T40 -> 0 | AK40: =AI40/AL40 -> 0 | AL40: 3575.18 | AM40: =AF40+AK40 -> 0 | AN40: =AA40-AM40 -> 106.464 | AO40: 24 | AR40: 0 | AS40: 0 | AY40: =VLOOKUP(E40,Table1[[BL NO.]:[Total Value USD]],21,0) -> 106.464 | AZ40: =AN40-AY40 -> 0 | BA40: 20KG BAGS | BB40: Import Container Damage/Short | BC40: Marine Insuranse | BD40: Import | BE40: 28 torn bag/ 24 Hight Polish bag BL:257906213.Torn bags are not covered under insurance. The high polished 24 bags, less than tolirance 0.5%. | BF40: CIS report | BG40: 17.744 | BH40: =BG40*K40 -> 106.464 | BI40: =BG40*BN40 -> 63437.994 | BJ40: =BI40*L40 -> 2918147.7 | BK40: 23264.087 | BL40: =BK40*L40 -> 1070148 | BM40: 0 | BN40: 3575.18 | BO40: Loss | BP40: N/A | BQ40: Jeenue | BR40: Post-War | BS40: Rawan | BU40: Reject | BV40: Close | BW40: Case rejected | BX40: =BH40 -> 106.464 | BY40: 0 | BZ40: =BX40-BY40 -> 106.464 | CA40: =(BY40/BX40-1)*-1 -> 1 | CB40: Case Reject/No compensation | CC40: The NC does not report the 24 high-polish bags.
A41: 46006 | B41: =TEXT(A41,"MMM") -> Dec | C41: =YEAR(A41) -> 2025 | D41: 38 | E41: CAEMER25645400 | F41: XI | G41: PZU-Bond area | H41: LE0001 | I41: LENTIL TAT 20KG | J41: 55 | K41: =N41+O41+P41+S41+T41+V41+W41 -> 8 | L41: 47 | M41: NC 102 | N41: 0 | O41: 0 | P41: 0 | Q41: 0 | R41: 55 | S41: 8 | T41: 0 | U41: =R41-S41-T41 -> 47 | X41: =Q41-V41-W41 -> 0 | Y41: =N41+O41+P41+S41+T41+V41+W41 -> 8 | Z41: 16.2087 | AA41: =Y41*Z41 -> 129.6696 | AB41: =N41+W41 -> 0 | AF41: =AD41/AL41 -> 0 | AG41: =T41 -> 0 | AK41: =AI41/AL41 -> 0 | AL41: 3575.18 | AM41: =AF41+AK41 -> 0 | AN41: =AA41-AM41 -> 129.6696 | AO41: 0 | AR41: 0 | AS41: 0 | AY41: =VLOOKUP(E41,Table1[[BL NO.]:[Total Value USD]],21,0) -> 129.6696 | AZ41: =AN41-AY41 -> 0 | BA41: 20KG BAGS | BB41: Import Container Damage/Short | BC41: Marine Insuranse | BD41: Import | BE41: 55 torn bag BL:CAEMER25645400.Torn bags are not covered under insurance. After repacking there is loss 8 bags | BF41: CIS report | BG41: 16.2087 | BH41: =BG41*K41 -> 129.6696 | BI41: =BG41*BN41 -> 57949.02 | BJ41: =BI41*L41 -> 2723603.9 | BK41: 42710.737 | BL41: =BK41*L41 -> 2007404.6 | BM41: 0 | BN41: 3575.18 | BO41: Loss | BP41: N/A | BQ41: Jeenue | BR41: Post-War | BS41: Rawan | BU41: Reject | BV41: Close | BW41: Case rejected | BX41: =BH41 -> 129.6696 | BY41: 0 | BZ41: =BX41-BY41 -> 129.6696 | CA41: =(BY41/BX41-1)*-1 -> 1 | CB41: Case Reject/No compensation
A42: 46006 | B42: =TEXT(A42,"MMM") -> Dec | C42: =YEAR(A42) -> 2025 | D42: 39 | E42: CAEMER25645401 | F42: XI | G42: PZU-Bond area | H42: LE0001 | I42: LENTIL TAT 20KG | J42: 92 | K42: =N42+O42+P42+S42+T42+V42+W42 -> 27 | L42: =92-14 -> 78 | M42: NC 103-Comment | N42: 13 | O42: 0 | P42: 0 | Q42: 0 | R42: 76 | S42: 14 | T42: 0 | U42: =R42-S42-T42 -> 62 | X42: =Q42-V42-W42 -> 0 | Y42: =N42+O42+P42+S42+T42+V42+W42 -> 27 | Z42: 16.2087 | AA42: =Y42*Z42 -> 437.6349 | AB42: =N42+W42 -> 13 | AF42: =AD42/AL42 -> 0 | AG42: =T42 -> 0 | AK42: =AI42/AL42 -> 0 | AL42: 3575.18 | AM42: =AF42+AK42 -> 0 | AN42: =AA42-AM42 -> 437.6349 | AO42: 0 | AR42: 0 | AS42: 0 | AY42: =VLOOKUP(E42,Table1[[BL NO.]:[Total Value USD]],21,0) -> 437.6349 | AZ42: =AN42-AY42 -> 0 | BA42: 20KG BAGS | BB42: Import Container Damage/Short | BC42: Marine Insuranse | BD42: Import | BE42: 76 torn bag/ 16 wet bag BL:CAEMER25645401. Torn bags are not covered under insurance. | BF42: CIS report/LOP for wet bag | BG42: 16.2087 | BH42: =BG42*K42 -> 437.6349 | BI42: =BG42*BN42 -> 57949.02 | BJ42: =BI42*L42 -> 4520023.6 | BK42: 42710.737 | BL42: =BK42*L42 -> 3331437.4 | BM42: 0 | BN42: 3575.18 | BO42: Loss | BP42: N/A | BQ42: Jeenue | BR42: Post-War | BS42: Rawan | BU42: Reject | BV42: Close | BW42: Case rejected | BX42: =BH42 -> 437.6349 | BY42: 0 | BZ42: =BX42-BY42 -> 437.6349 | CA42: =(BY42/BX42-1)*-1 -> 1 | CB42: Case Reject/No compensation | CC42: The NC reports 79 torn bags and 13 wet bags, while the survey report records 76 torn bags and 13 wet bags. There is a discrepancy of 3 torn bags.
A43: 46008 | B43: =TEXT(A43,"MMM") -> Dec | C43: =YEAR(A43) -> 2025 | D43: 40 | E43: KIN/PZU/1025/11179 | F43: XI | G43: PZU-Bond area | H43: RC0004 | I43: RICE LONG ELNGM 20K | J43: 77 | K43: =N43+O43+P43+S43+T43+V43+W43 -> 23 | L43: =77-13 -> 64 | M43: NC 105 | N43: 5 | O43: 5 | P43: 0 | Q43: 0 | R43: 67 | S43: 13 | T43: 0 | U43: =R43-S43-T43 -> 54 | X43: =Q43-V43-W43 -> 0 | Y43: =N43+O43+P43+S43+T43+V43+W43 -> 23 | Z43: 8.4629 | AA43: =Y43*Z43 -> 194.6467 | AB43: =N43+W43 -> 5 | AF43: =AD43/AL43 -> 0 | AG43: =T43 -> 0 | AK43: =AI43/AL43 -> 0 | AL43: 3575.18 | AM43: =AF43+AK43 -> 0 | AN43: =AA43-AM43 -> 194.6467 | AO43: 0 | AR43: 5 | AS43: 0 | AY43: =VLOOKUP(E43,Table1[[BL NO.]:[Total Value USD]],21,0) -> 194.6467 | AZ43: =AN43-AY43 -> 0 | BA43: 20KG BAGS | BB43: Import Container Damage/Short | BC43: Marine Insuranse | BD43: Import | BE43: 67 torn bag/ 5 wet bag/5 Short bag BL:KIN/PZU/1025/11179. With regard to the shortage of 5 bags & Wet 5 bags, the claim value is below the policy excess threshold (0.5% excess). As the claim amount is less than the applicable excess, it cannot be processed under insurance. | BF43: CIS report | BG43: 8.4629 | BH43: =BG43*K43 -> 194.6467 | BI43: =BG43*BN43 -> 30256.391 | BJ43: =BI43*L43 -> 1936409 | BK43: 23264.087 | BL43: =BK43*L43 -> 1488901.6 | BM43: 0 | BN43: 3575.18 | BO43: Loss | BP43: Adjusted | BQ43: Jeenue | BR43: Post-War | BS43: Rawan | BU43: Accept | BV43: Close | BW43: Case reject/Less than deductable | BX43: =BH43 -> 194.6467 | BY43: 0 | BZ43: =BX43-BY43 -> 194.6467 | CA43: =(BY43/BX43-1)*-1 -> 1 | CB43: Case Reject/No compensation/Less than deductable (0.5%)
A44: 46028 | B44: =TEXT(A44,"MMM") -> Jan | C44: =YEAR(A44) -> 2026 | D44: 41 | E44: CAEMER25645301 | F44: XI | G44: PZU-Bond area | H44: LE0001 | I44: LENTIL TAT 20KG | J44: 5 | K44: =N44+O44+P44+S44+T44+V44+W44 -> 4 | L44: =5-2 -> 3 | M44: NC 109 | N44: 2 | O44: 0 | P44: 0 | Q44: 0 | R44: 3 | S44: 2 | T44: 0 | U44: =R44-S44-T44 -> 1 | X44: =Q44-V44-W44 -> 0 | Y44: =N44+O44+P44+S44+T44+V44+W44 -> 4 | Z44: 16.2087 | AA44: =Y44*Z44 -> 64.8348 | AB44: =N44+W44 -> 2 | AF44: =AD44/AL44 -> 0 | AG44: =T44 -> 0 | AK44: =AI44/AL44 -> 0 | AL44: 3600 | AM44: =AF44+AK44 -> 0 | AN44: =AA44-AM44 -> 64.8348 | AO44: 0 | AR44: 0 | AS44: 0 | AY44: =VLOOKUP(E44,Table1[[BL NO.]:[Total Value USD]],21,0) -> 64.8348 | AZ44: =AN44-AY44 -> 0 | BA44: 20KG BAGS | BB44: Import Container Damage/Short | BC44: Marine Insuranse | BD44: Import | BE44: 3 torn bag/ 2 wet bag BL:CAEMER25645301.Torn bags are not covered under insurance. Only for 2 wet bags insurance claim can’t be requested | BF44: CIS report | BG44: 16.2087 | BH44: =BG44*K44 -> 64.8348 | BI44: =BG44*BN44 -> 58351.32 | BJ44: =BI44*L44 -> 175053.96 | BK44: 62040.82 | BL44: =BK44*L44 -> 186122.46 | BM44: 0 | BN44: 3600 | BO44: Loss | BP44: N/A | BQ44: Jeenue | BR44: Post-War | BS44: Rawan | BU44: Reject | BV44: Close | BW44: Case rejected | BX44: =BH44 -> 64.8348 | BY44: 0 | BZ44: =BX44-BY44 -> 64.8348 | CA44: =(BY44/BX44-1)*-1 -> 1 | CB44: Case Reject/No compensation
A45: 46028 | B45: =TEXT(A45,"MMM") -> Jan | C45: =YEAR(A45) -> 2026 | D45: 42 | E45: CAEMER25645300 | F45: XI | G45: PZU-Bond area | H45: LE0001 | I45: LENTIL TAT 20KG | J45: 70 | K45: =N45+O45+P45+S45+T45+V45+W45 -> 55 | L45: =70-9 -> 61 | M45: NC 108 | N45: 46 | O45: 0 | P45: 0 | Q45: 0 | R45: 24 | S45: 9 | T45: 0 | U45: =R45-S45-T45 -> 15 | X45: =Q45-V45-W45 -> 0 | Y45: =N45+O45+P45+S45+T45+V45+W45 -> 55 | Z45: 16.2087 | AA45: =Y45*Z45 -> 891.4785 | AB45: =N45+W45 -> 46 | AF45: =AD45/AL45 -> 0 | AG45: =T45 -> 0 | AK45: =AI45/AL45 -> 0 | AL45: 3600 | AM45: =AF45+AK45 -> 0 | AN45: =AA45-AM45 -> 891.4785 | AO45: 0 | AR45: 0 | AS45: 0 | AY45: =VLOOKUP(E45,Table1[[BL NO.]:[Total Value USD]],21,0) -> 891.4785 | AZ45: =AN45-AY45 -> 0 | BA45: 20KG BAGS | BB45: Import Container Damage/Short | BC45: Marine Insuranse | BD45: Import | BE45: 24 torn bag/ 46 wet bag BL:CAEMER25645300. Torn bags are not covered under insurance. | BF45: CIS report/LOP for wet bag | BG45: 16.2087 | BH45: =BG45*K45 -> 891.4785 | BI45: =BG45*BN45 -> 58351.32 | BJ45: =BI45*L45 -> 3559430.5 | BK45: 62040.82 | BL45: =BK45*L45 -> 3784490 | BM45: 0 | BN45: 3600 | BO45: Loss | BP45: N/A | BQ45: Jeenue | BR45: Post-War | BS45: Rawan | BU45: Reject | BV45: Close | BW45: Case rejected | BX45: =BH45 -> 891.4785 | BY45: 0 | BZ45: =BX45-BY45 -> 891.4785 | CA45: =(BY45/BX45-1)*-1 -> 1 | CB45: Case Reject/No compensation
A46: 45789 | B46: May | C46: 2025 | D46: 43 | E46: 1,2,3,4, 5 ,6 ,7 | F46: XI | G46: PZU-Bond area | H46: IF0001 | I46: WHEAT FLOUR IMPORT ELNGM 25KG | J46: 415 | K46: =N46+O46+P46+S46+T46+V46+W46 -> 415 | L46: 415 | M46: Vessel | N46: 0 | O46: 364 | P46: 51 | Q46: 0 | R46: 0 | S46: 0 | T46: 0 | U46: =R46-S46-T46 -> 0 | X46: =Q46-V46-W46 -> 0 | Y46: =N46+O46+P46+S46+T46+V46+W46 -> 415 | Z46: 9.31 | AA46: =Y46*Z46 -> 3863.65 | AB46: =N46+W46 -> 0 | AF46: =AD46/AL46 -> 0 | AG46: =T46 -> 0 | AK46: =AI46/AL46 -> 0 | AL46: 2627 | AM46: =AF46+AK46 -> 0 | AN46: =AA46-AM46 -> 3863.65 | AO46: 0 | AR46: 364 | AS46: 51 | AY46: =VLOOKUP(E46,Table1[[BL NO.]:[Total Value USD]],21,0) -> 3863.65 | AZ46: =AN46-AY46 -> 0 | BA46: 25KG BAGS | BB46: Vessel Damage/Short | BC46: Marine Insuranse | BD46: Import | BE46: (364 bags) shortage & (51 bags)reject by SSMO of Elnagm flour at MV Cecellia, claim that has been issued against MV/Master and-or MV/ Owner and will not compensate by MV/Master and-or MV/ Owne. | BF46: CIS report/Claim | BG46: 9.31 | BH46: =BG46*K46 -> 3863.65 | BI46: =BG46*BN46 -> 24457.37 | BJ46: =BI46*L46 -> 10149809 | BK46: 31301.811 | BL46: =BK46*L46 -> 12990252 | BM46: 0 | BN46: 2627 | BO46: Pending | BP46: Adjusted | BQ46: Ajay/Limitz | BR46: Post-War | BS46: Rawan | BU46: Pending | BV46: Pending | BW46: Case submitted/ Waiting Insurance feedback | BX46: 3863.65 | BY46: 0 | BZ46: 3863.65 | CA46: =(BY46/BX46-1)*-1 -> 1 | CB46: Waiting Feedback
A47: 45789 | B47: May | C47: 2025 | D47: 44 | E47: 1,2,3 4 ,5 | F47: XI | G47: PZU-Bond area | H47: WS0005 | I47: KSA WHAITE SUGAR 50 KG FG | J47: 88 | K47: =N47+O47+P47+S47+T47+V47+W47 -> 88 | L47: 88 | M47: Vessel | N47: 0 | O47: 88 | P47: 0 | Q47: 0 | R47: 0 | S47: 0 | T47: 0 | U47: =R47-S47-T47 -> 0 | X47: =Q47-V47-W47 -> 0 | Y47: =N47+O47+P47+S47+T47+V47+W47 -> 88 | Z47: 29.6 | AA47: =Y47*Z47 -> 2604.8 | AB47: =N47+W47 -> 0 | AF47: =AD47/AL47 -> 0 | AG47: =T47 -> 0 | AK47: =AI47/AL47 -> 0 | AL47: 2627 | AM47: =AF47+AK47 -> 0 | AN47: =AA47-AM47 -> 2604.8 | AO47: 0 | AR47: 88 | AS47: 0 | AY47: =VLOOKUP(E47,Table1[[BL NO.]:[Total Value USD]],21,0) -> 2604.8 | AZ47: =AN47-AY47 -> 0 | BA47: 50KG BAGS | BB47: Vessel Damage/Short | BC47: Marine Insuranse | BD47: Import | BE47: (88 bags) shortage of KSA white sugar at MV IMA Glory, claim that has been issued against MV/Master and-or MV/ Owner and will not compensate by MV/Master and-or MV/ Owne. | BF47: CIS report/Claim | BG47: 29.6 | BH47: =BG47*K47 -> 2604.8 | BI47: =BG47*BN47 -> 77759.2 | BJ47: =BI47*L47 -> 6842809.6 | BK47: 96566.186 | BL47: =BK47*L47 -> 8497824.4 | BM47: 0 | BN47: 2627 | BO47: Pending | BP47: Adjusted | BQ47: Ajay/Limitz | BR47: Post-War | BS47: Rawan | BU47: Pending | BV47: Pending | BW47: Case submitted/ Waiting Insurance feedback | BX47: 2604.8 | BY47: 0 | BZ47: 2604.8 | CA47: =(BY47/BX47-1)*-1 -> 1 | CB47: Waiting Feedback
A48: 45799 | B48: May | C48: 2025 | D48: 45 | E48: 1,2,3,4,5,6 | F48: XI | G48: PZU-Bond area | H48: IF0001 | I48: WHEAT FLOUR IMPORT ELNGM 25KG | J48: 95 | K48: =N48+O48+P48+S48+T48+V48+W48 -> 95 | L48: 95 | M48: Vessel | N48: 0 | O48: 58 | P48: 37 | Q48: 0 | R48: 0 | S48: 0 | T48: 0 | U48: =R48-S48-T48 -> 0 | X48: =Q48-V48-W48 -> 0 | Y48: =N48+O48+P48+S48+T48+V48+W48 -> 95 | Z48: 9.6 | AA48: =Y48*Z48 -> 912 | AB48: =N48+W48 -> 0 | AF48: =AD48/AL48 -> 0 | AG48: =T48 -> 0 | AK48: =AI48/AL48 -> 0 | AL48: 2627 | AM48: =AF48+AK48 -> 0 | AN48: =AA48-AM48 -> 912 | AO48: 0 | AR48: 58 | AS48: 37 | AY48: =VLOOKUP(E48,Table1[[BL NO.]:[Total Value USD]],21,0) -> 912 | AZ48: =AN48-AY48 -> 0 | BA48: 25KG BAGS | BB48: Vessel Damage/Short | BC48: Marine Insuranse | BD48: Import | BE48: (58 bags) shortage and (37) Reject by SSMO of Elnagm flour at MV Cecellia, claim that has been issued against MV/Master and-or MV/ Owner compensate the reject quantity and will not compensate short quantity. As feed back from Dubai team(Ajay) as email on 26-Feb-2026 amount settelt at Sayga. | BF48: CIS report/Claim | BG48: 9.6 | BH48: =BG48*K48 -> 912 | BI48: =BG48*BN48 -> 25219.2 | BJ48: =BI48*L48 -> 2395824 | BK48: 31301.811 | BL48: =BK48*L48 -> 2973672.1 | BM48: 388.8 | BN48: 2627 | BO48: Compensated | BP48: Adjusted | BQ48: Ajay/Limitz | BR48: Post-War | BS48: Rawan | BU48: Accept | BV48: Close | BW48: Shiping line compensation | BX48: 912 | BY48: 388.8 | BZ48: 523.2 | CA48: =(BY48/BX48-1)*-1 -> 0.57368421 | CB48: Amount Settelet at Sayga for reject QTY.
A49: 46039 | B49: =TEXT(A49,"MMM") -> Jan | C49: =YEAR(A49) -> 2026 | D49: 46 | E49: CAEMER25688002 | F49: XI | G49: PZU-Bond area | H49: LE0001 | I49: LENTIL TAT 20KG | J49: 45 | K49: =N49+O49+P49+S49+T49+V49+W49 -> 15 | L49: =45-15 -> 30 | M49: NC 114 | N49: 0 | O49: 0 | P49: 0 | Q49: 0 | R49: 45 | S49: 15 | T49: 0 | U49: =R49-S49-T49 -> 30 | X49: =Q49-V49-W49 -> 0 | Y49: =N49+O49+P49+S49+T49+V49+W49 -> 15 | Z49: 15.79 | AA49: =Y49*Z49 -> 236.85 | AB49: =N49+W49 -> 0 | AF49: =AD49/AL49 -> 0 | AG49: =T49 -> 0 | AK49: =AI49/AL49 -> 0 | AL49: 3600 | AM49: =AF49+AK49 -> 0 | AN49: =AA49-AM49 -> 236.85 | AO49: 0 | AR49: 0 | AS49: 0 | AY49: =VLOOKUP(E49,Table1[[BL NO.]:[Total Value USD]],21,0) -> 236.85 | AZ49: =AN49-AY49 -> 0 | BA49: 20KG BAGS | BB49: Import Container Damage/Short | BC49: Marine Insuranse | BD49: Import | BE49: 45 torn bag BL:CAEMER25688002, there is ecxess 39 bags. Torn bags are not covered under insurance | BF49: CIS report | BG49: 15.79 | BH49: =BG49*K49 -> 236.85 | BI49: =BG49*BN49 -> 56844 | BJ49: =BI49*L49 -> 1705320 | BK49: 62040.82 | BL49: =BK49*L49 -> 1861224.6 | BM49: 0 | BN49: 3600 | BO49: Loss | BP49: N/A | BQ49: Jeenue | BR49: Post-War | BS49: Rawan | BU49: Reject | BV49: Close | BW49: Case rejected | BX49: =BH49 -> 236.85 | BY49: 0 | BZ49: =BX49-BY49 -> 236.85 | CA49: =(BY49/BX49-1)*-1 -> 1 | CB49: Case Reject/No compensation
A50: 46039 | B50: =TEXT(A50,"MMM") -> Jan | C50: =YEAR(A50) -> 2026 | D50: 47 | E50: CAEMER25688000 | F50: XI | G50: PZU-Bond area | H50: LE0001 | I50: LENTIL TAT 20KG | J50: 42 | K50: =N50+O50+P50+S50+T50+V50+W50 -> 8 | L50: =42-8 -> 34 | M50: NC 113-Comment | N50: 0 | O50: 0 | P50: 0 | Q50: 0 | R50: 42 | S50: 8 | T50: 0 | U50: =R50-S50-T50 -> 34 | X50: =Q50-V50-W50 -> 0 | Y50: =N50+O50+P50+S50+T50+V50+W50 -> 8 | Z50: 15.66 | AA50: =Y50*Z50 -> 125.28 | AB50: =N50+W50 -> 0 | AF50: =AD50/AL50 -> 0 | AG50: =T50 -> 0 | AK50: =AI50/AL50 -> 0 | AL50: 3600 | AM50: =AF50+AK50 -> 0 | AN50: =AA50-AM50 -> 125.28 | AO50: 0 | AR50: 0 | AS50: 0 | AY50: =VLOOKUP(E50,Table1[[BL NO.]:[Total Value USD]],21,0) -> 125.28 | AZ50: =AN50-AY50 -> 0 | BA50: 20KG BAGS | BB50: Import Container Damage/Short | BC50: Marine Insuranse | BD50: Import | BE50: 42 torn bag BL:CAEMER25688000, there is excess 80 bags. Torn bags are not covered under insurance | BF50: CIS report | BG50: 15.66 | BH50: =BG50*K50 -> 125.28 | BI50: =BG50*BN50 -> 56376 | BJ50: =BI50*L50 -> 1916784 | BK50: 62040.82 | BL50: =BK50*L50 -> 2109387.9 | BM50: 0 | BN50: 3600 | BO50: Loss | BP50: N/A | BQ50: Jeenue | BR50: Post-War | BS50: Rawan | BU50: Reject | BV50: Close | BW50: Case rejected | BX50: =BH50 -> 125.28 | BY50: 0 | BZ50: =BX50-BY50 -> 125.28 | CA50: =(BY50/BX50-1)*-1 -> 1 | CB50: Case Reject/No compensation | CC50: The torn bag quantities were swapped between BLs 8000 and 8001.
A51: 46039 | B51: =TEXT(A51,"MMM") -> Jan | C51: =YEAR(A51) -> 2026 | D51: 48 | E51: CAEMER25688001 | F51: XI | G51: PZU-Bond area | H51: LE0001 | I51: LENTIL TAT 20KG | J51: 23 | K51: =N51+O51+P51+S51+T51+V51+W51 -> 5 | L51: =23-5 -> 18 | M51: NC 112-Comment | N51: 0 | O51: 0 | P51: 0 | Q51: 0 | R51: 23 | S51: 5 | T51: 0 | U51: =R51-S51-T51 -> 18 | X51: =Q51-V51-W51 -> 0 | Y51: =N51+O51+P51+S51+T51+V51+W51 -> 5 | Z51: 15.79 | AA51: =Y51*Z51 -> 78.95 | AB51: =N51+W51 -> 0 | AF51: =AD51/AL51 -> 0 | AG51: =T51 -> 0 | AK51: =AI51/AL51 -> 0 | AL51: 3600 | AM51: =AF51+AK51 -> 0 | AN51: =AA51-AM51 -> 78.95 | AO51: 0 | AR51: 0 | AS51: 0 | AY51: =VLOOKUP(E51,Table1[[BL NO.]:[Total Value USD]],21,0) -> 78.95 | AZ51: =AN51-AY51 -> 0 | BA51: 20KG BAGS | BB51: Import Container Damage/Short | BC51: Marine Insuranse | BD51: Import | BE51: 23 torn bag BL:CAEMER25688001, there is excess 61 bags. Torn bags are not covered under insurance | BF51: CIS report | BG51: 15.79 | BH51: =BG51*K51 -> 78.95 | BI51: =BG51*BN51 -> 56844 | BJ51: =BI51*L51 -> 1023192 | BK51: 62040.82 | BL51: =BK51*L51 -> 1116734.8 | BM51: 0 | BN51: 3600 | BO51: Loss | BP51: N/A | BQ51: Jeenue | BR51: Post-War | BS51: Rawan | BU51: Reject | BV51: Close | BW51: Case rejected | BX51: =BH51 -> 78.95 | BY51: 0 | BZ51: =BX51-BY51 -> 78.95 | CA51: =(BY51/BX51-1)*-1 -> 1 | CB51: Case Reject/No compensation | CC51: The torn bag quantities were swapped between BLs 8000 and 8001.
A52: 46075 | B52: =TEXT(A52,"MMM") -> Feb | C52: =YEAR(A52) -> 2026 | D52: 49 | E52: CAEMER25688601 | F52: TX01 | G52: PZU-Alnasseg WH | H52: 4000000058 | I52: LENTIL TAT 20KG | J52: 36 | K52: =N52+O52+P52+S52+T52+V52+W52 -> 18 | L52: =36-5 -> 31 | M52: NC 116 | N52: 13 | O52: 0 | P52: 0 | Q52: 0 | R52: 23 | S52: 5 | T52: 0 | U52: =R52-S52-T52 -> 18 | X52: =Q52-V52-W52 -> 0 | Y52: =N52+O52+P52+S52+T52+V52+W52 -> 18 | Z52: 15.79 | AA52: =Y52*Z52 -> 284.22 | AB52: =N52+W52 -> 13 | AF52: =AD52/AL52 -> 0 | AG52: =T52 -> 0 | AK52: =AI52/AL52 -> 0 | AL52: 3500 | AM52: =AF52+AK52 -> 0 | AN52: =AA52-AM52 -> 284.22 | AO52: 0 | AR52: 0 | AS52: 0 | AY52: =VLOOKUP(E52,Table1[[BL NO.]:[Total Value USD]],21,0) -> 284.22 | AZ52: =AN52-AY52 -> 0 | BA52: 20KG BAGS | BB52: Import Container Damage/Short | BC52: Marine Insuranse | BD52: Import | BE52: 13 wet bags 23 torn bag BL:CAEMER25688601, there is ecxess 1 bags, torn bags are not covered under insurance, for wet bags is less than 0.5%. | BF52: CIS report | BG52: 15.79 | BH52: =BG52*K52 -> 284.22 | BI52: =BG52*BN52 -> 55265 | BJ52: =BI52*L52 -> 1713215 | BK52: 59621.44 | BL52: =BK52*L52 -> 1848264.6 | BM52: 0 | BN52: 3500 | BO52: Loss | BP52: Adjusted | BQ52: Jeenue | BR52: Post-War | BS52: Rawan | BU52: Accept | BV52: Close | BW52: Less than deductable | BX52: =BH52 -> 284.22 | BY52: 0 | BZ52: =BX52-BY52 -> 284.22 | CA52: =(BY52/BX52-1)*-1 -> 1 | CB52: Less than deductable (0.5%)
A53: 46075 | B53: =TEXT(A53,"MMM") -> Feb | C53: =YEAR(A53) -> 2026 | D53: 50 | E53: CAEMER25688602 | F53: TX01 | G53: PZU-Alnasseg WH | H53: 4000000058 | I53: LENTIL TAT 20KG | J53: 29 | K53: =N53+O53+P53+S53+T53+V53+W53 -> 10 | L53: =29-9 -> 20 | M53: NC 117 | N53: 1 | O53: 0 | P53: 0 | Q53: 0 | R53: 28 | S53: 9 | T53: 0 | U53: =R53-S53-T53 -> 19 | X53: =Q53-V53-W53 -> 0 | Y53: =N53+O53+P53+S53+T53+V53+W53 -> 10 | Z53: 15.79 | AA53: =Y53*Z53 -> 157.9 | AB53: =N53+W53 -> 1 | AF53: =AD53/AL53 -> 0 | AG53: =T53 -> 0 | AK53: =AI53/AL53 -> 0 | AL53: 3500 | AM53: =AF53+AK53 -> 0 | AN53: =AA53-AM53 -> 157.9 | AO53: 0 | AR53: 0 | AS53: 0 | AY53: =VLOOKUP(E53,Table1[[BL NO.]:[Total Value USD]],21,0) -> 157.9 | AZ53: =AN53-AY53 -> 0 | BA53: 20KG BAGS | BB53: Import Container Damage/Short | BC53: Marine Insuranse | BD53: Import | BE53: 1 wet bags 28 torn bag BL:CAEMER25688602, there is ecxess 40 bags, torn bags are not covered under insurance, for wet bags is less than 0.5%. | BF53: CIS report | BG53: 15.79 | BH53: =BG53*K53 -> 157.9 | BI53: =BG53*BN53 -> 55265 | BJ53: =BI53*L53 -> 1105300 | BK53: 59621.44 | BL53: =BK53*L53 -> 1192428.8 | BM53: 0 | BN53: 3500 | BO53: Loss | BP53: Adjusted | BQ53: Jeenue | BR53: Post-War | BS53: Rawan | BU53: Accept | BV53: Close | BW53: Less than deductable | BX53: =BH53 -> 157.9 | BY53: 0 | BZ53: =BX53-BY53 -> 157.9 | CA53: =(BY53/BX53-1)*-1 -> 1 | CB53: Less than deductable (0.5%)
A54: 46075 | B54: =TEXT(A54,"MMM") -> Feb | C54: =YEAR(A54) -> 2026 | D54: 51 | E54: CAEMER25688603 | F54: TX01 | G54: PZU-Alnasseg WH | H54: 4000000058 | I54: LENTIL TAT 20KG | J54: 45 | K54: =N54+O54+P54+S54+T54+V54+W54 -> 13 | L54: =45-12 -> 33 | M54: NC 118 | N54: 1 | O54: 0 | P54: 0 | Q54: 0 | R54: 44 | S54: 12 | T54: 0 | U54: =R54-S54-T54 -> 32 | X54: =Q54-V54-W54 -> 0 | Y54: =N54+O54+P54+S54+T54+V54+W54 -> 13 | Z54: 15.79 | AA54: =Y54*Z54 -> 205.27 | AB54: =N54+W54 -> 1 | AF54: =AD54/AL54 -> 0 | AG54: =T54 -> 0 | AK54: =AI54/AL54 -> 0 | AL54: 3500 | AM54: =AF54+AK54 -> 0 | AN54: =AA54-AM54 -> 205.27 | AO54: 0 | AR54: 0 | AS54: 0 | AY54: =VLOOKUP(E54,Table1[[BL NO.]:[Total Value USD]],21,0) -> 205.27 | AZ54: =AN54-AY54 -> 0 | BA54: 20KG BAGS | BB54: Import Container Damage/Short | BC54: Marine Insuranse | BD54: Import | BE54: 1 wet bags 44 torn bag BL:CAEMER25688603, there is ecxess 36 bags, torn bags are not covered under insurance, for wet bags is less than 0.5%. | BF54: CIS report | BG54: 15.79 | BH54: =BG54*K54 -> 205.27 | BI54: =BG54*BN54 -> 55265 | BJ54: =BI54*L54 -> 1823745 | BK54: 59621.44 | BL54: =BK54*L54 -> 1967507.5 | BM54: 0 | BN54: 3500 | BO54: Loss | BP54: Adjusted | BQ54: Jeenue | BR54: Post-War | BS54: Rawan | BU54: Accept | BV54: Close | BW54: Less than deductable | BX54: =BH54 -> 205.27 | BY54: 0 | BZ54: =BX54-BY54 -> 205.27 | CA54: =(BY54/BX54-1)*-1 -> 1 | CB54: Less than deductable (0.5%)
A55: 46089 | B55: =TEXT(A55,"MMM") -> Mar | C55: =YEAR(A55) -> 2026 | D55: 52 | E55: CAEMER25688600 | F55: TX01 | G55: PZU-Alnasseg WH | H55: 4000000058 | I55: LENTIL TAT 20KG | J55: 37 | K55: =N55+O55+P55+S55+T55+V55+W55 -> 20 | L55: =37-9 -> 28 | M55: NC 115 | N55: 11 | O55: 0 | P55: 0 | Q55: 0 | R55: 26 | S55: 9 | T55: 0 | U55: =R55-S55-T55 -> 17 | X55: =Q55-V55-W55 -> 0 | Y55: =N55+O55+P55+S55+T55+V55+W55 -> 20 | Z55: 15.79 | AA55: =Y55*Z55 -> 315.8 | AB55: =N55+W55 -> 11 | AF55: =AD55/AL55 -> 0 | AG55: =T55 -> 0 | AK55: =AI55/AL55 -> 0 | AL55: 3510 | AM55: =AF55+AK55 -> 0 | AN55: =AA55-AM55 -> 315.8 | AO55: 0 | AR55: 0 | AS55: 0 | AY55: =VLOOKUP(E55,Table1[[BL NO.]:[Total Value USD]],21,0) -> 315.8 | AZ55: =AN55-AY55 -> 0 | BA55: 20KG BAGS | BB55: Import Container Damage/Short | BC55: Marine Insuranse | BD55: Import | BE55: 26 torn bag/11 wet bag BL:CAEMER25688600, there is ecxess 42bags | BF55: CIS report | BG55: 15.79 | BH55: =BG55*K55 -> 315.8 | BI55: =BG55*BN55 -> 55422.9 | BJ55: =BI55*L55 -> 1551841.2 | BK55: 59621.44 | BL55: =BK55*L55 -> 1669400.3 | BM55: 0 | BN55: 3510 | BO55: Pending | BP55: Adjusted | BQ55: Jeenue | BR55: Post-War | BS55: Rawan | BU55: Pending | BV55: Pending | BW55: Case submitted/ Waiting Insurance feedback | BX55: =BH55 -> 315.8 | BY55: 0 | BZ55: =BX55-BY55 -> 315.8 | CA55: =(BY55/BX55-1)*-1 -> 1 | CB55: Waiting Feedback
A56: 46089 | B56: =TEXT(A56,"MMM") -> Mar | C56: =YEAR(A56) -> 2026 | D56: 53 | E56: RJIZNSAPZU25004 | F56: BN01 | G56: PZU-Bond Area WH | H56: 4000000088 | I56: RICE LONG ELNGM 20K | J56: 71 | K56: =N56+O56+P56+S56+T56+V56+W56 -> 28 | L56: =71-13 -> 58 | M56: NC 121-Comment | N56: 15 | O56: 0 | P56: 0 | Q56: 0 | R56: 56 | S56: 13 | T56: 0 | U56: =R56-S56-T56 -> 43 | X56: =Q56-V56-W56 -> 0 | Y56: =N56+O56+P56+S56+T56+V56+W56 -> 28 | Z56: 7.7991549 | AA56: =Y56*Z56 -> 218.37634 | AB56: =N56+W56 -> 15 | AF56: =AD56/AL56 -> 0 | AG56: =T56 -> 0 | AK56: =AI56/AL56 -> 0 | AL56: 3510 | AM56: =AF56+AK56 -> 0 | AN56: =AA56-AM56 -> 218.37634 | AO56: 0 | AR56: 0 | AS56: 0 | AY56: =VLOOKUP(E56,Table1[[BL NO.]:[Total Value USD]],21,0) -> 218.37634 | AZ56: =AN56-AY56 -> 0 | BA56: 20KG BAGS | BB56: Import Container Damage/Short | BC56: Marine Insuranse | BD56: Import | BE56: 56 torn bag/ 15 wet bag BL:RJIZNSAPZU25004. | BF56: CIS report/LOP for wet bag | BG56: 7.7991549 | BH56: =BG56*K56 -> 218.37634 | BI56: =BG56*BN56 -> 27375.034 | BJ56: =BI56*L56 -> 1587752 | BK56: 28977.5 | BL56: =BK56*L56 -> 1680695 | BM56: 0 | BN56: 3510 | BO56: Loss | BP56: Adjusted | BQ56: Jeenue | BR56: Post-War | BS56: Rawan | BU56: Accept | BV56: Close | BW56: Less than deductable | BX56: =BH56 -> 218.37634 | BY56: 0 | BZ56: =BX56-BY56 -> 218.37634 | CA56: =(BY56/BX56-1)*-1 -> 1 | CB56: Less than deductable (0.5%) | CC56: No wet bags are reported in the NC.
A57: 46089 | B57: =TEXT(A57,"MMM") -> Mar | C57: =YEAR(A57) -> 2026 | D57: 54 | E57: RJIZNSAPZU25005. | F57: BN01 | G57: PZU-Bond Area WH | H57: 4000000088 | I57: RICE LONG ELNGM 20K | J57: 221 | K57: =N57+O57+P57+S57+T57+V57+W57 -> 143 | L57: =221-16-3-3 -> 199 | M57: NC 122 | N57: 7 | O57: 117 | P57: 0 | Q57: 0 | R57: 97 | S57: 16 | T57: 3 | U57: =R57-S57-T57 -> 78 | X57: =Q57-V57-W57 -> 0 | Y57: =N57+O57+P57+S57+T57+V57+W57 -> 143 | Z57: 7.7991549 | AA57: =Y57*Z57 -> 1115.2792 | AB57: =N57+W57 -> 7 | AF57: =AD57/AL57 -> 0 | AG57: =T57 -> 3 | AK57: =AI57/AL57 -> 0 | AL57: 3510 | AM57: =AF57+AK57 -> 0 | AN57: =AA57-AM57 -> 1115.2792 | AO57: 0 | AR57: 117 | AS57: 0 | AY57: =VLOOKUP(E57,Table1[[BL NO.]:[Total Value USD]],21,0) -> 1115.2792 | AZ57: =AN57-AY57 -> 0 | BA57: 20KG BAGS | BB57: Import Container Damage/Short | BC57: Marine Insuranse | BD57: Import | BE57: 97 torn bag/ 117 short bags/7 wet bag BL:RJIZNSAPZU25005. | BF57: CIS report/LOP for wet and short bags | BG57: 7.7991549 | BH57: =BG57*K57 -> 1115.2792 | BI57: =BG57*BN57 -> 27375.034 | BJ57: =BI57*L57 -> 5447631.7 | BK57: 28977.5 | BL57: =BK57*L57 -> 5766522.5 | BM57: 0 | BN57: 3510 | BO57: Loss | BP57: Adjusted | BQ57: Jeenue | BR57: Post-War | BS57: Rawan | BU57: Accept | BV57: Close | BW57: Less than deductable | BX57: =BH57 -> 1115.2792 | BY57: 0 | BZ57: =BX57-BY57 -> 1115.2792 | CA57: =(BY57/BX57-1)*-1 -> 1 | CB57: Less than deductable (0.5%)
A58: 46118 | B58: =TEXT(A58,"MMM") -> Apr | C58: =YEAR(A58) -> 2026 | D58: 55 | E58: FOLKINBOM006857 | F58: BN01 | G58: PZU-Bond Area WH | H58: 4000000088 | I58: RICE LONG ELNGM 20K | J58: 98 | K58: =N58+O58+P58+S58+T58+V58+W58 -> 31 | L58: =98-18 -> 80 | M58: NC 124 | N58: 0 | O58: 13 | P58: 0 | Q58: 0 | R58: 85 | S58: 18 | T58: 0 | U58: =R58-S58-T58 -> 67 | X58: =Q58-V58-W58 -> 0 | Y58: =N58+O58+P58+S58+T58+V58+W58 -> 31 | Z58: 7.7991549 | AA58: =Y58*Z58 -> 241.7738 | AB58: =N58+W58 -> 0 | AF58: =AD58/AL58 -> 0 | AG58: =T58 -> 0 | AK58: =AI58/AL58 -> 0 | AL58: 3535 | AM58: =AF58+AK58 -> 0 | AN58: =AA58-AM58 -> 241.7738 | AO58: 0 | AR58: 13 | AS58: 0 | AY58: =VLOOKUP(E58,Table1[[BL NO.]:[Total Value USD]],21,0) -> 241.7738 | AZ58: =AN58-AY58 -> 0 | BA58: 20KG BAGS | BB58: Import Container Damage/Short | BC58: Marine Insuranse | BD58: Import | BE58: 85 torn bag/13 short bag BL:FOLKINBOM006857. | BF58: CIS report/LOP for wet bag | BG58: 7.7991549 | BH58: =BG58*K58 -> 241.7738 | BI58: =BG58*BN58 -> 27570.013 | BJ58: =BI58*L58 -> 2205601 | BK58: 34287.78 | BL58: =BK58*L58 -> 2743022.4 | BM58: 0 | BN58: 3535 | BO58: Loss | BP58: Adjusted | BQ58: Jeenue | BR58: Post-War | BS58: Rawan | BU58: Accept | BV58: Close | BW58: Less than deductable | BX58: =BH58 -> 241.7738 | BY58: 0 | BZ58: =BX58-BY58 -> 241.7738 | CA58: =(BY58/BX58-1)*-1 -> 1 | CB58: Less than deductable (0.5%)
A59: 46119 | B59: =TEXT(A59,"MMM") -> Apr | C59: =YEAR(A59) -> 2026 | D59: 56 | E59: CAEMER25848900 | F59: BN01 | G59: PZU-Bond Area WH | H59: 4000000058 | I59: LENTIL TAT 20KG | J59: 179 | K59: =N59+O59+P59+S59+T59+V59+W59 -> 153 | L59: =179-11 -> 168 | M59: NC 132 | N59: 95 | O59: 45 | P59: 0 | Q59: 0 | R59: 39 | S59: 11 | T59: 2 | U59: =R59-S59-T59 -> 26 | X59: =Q59-V59-W59 -> 0 | Y59: =N59+O59+P59+S59+T59+V59+W59 -> 153 | Z59: 18.093072 | AA59: =Y59*Z59 -> 2768.24 | AB59: =N59+W59 -> 95 | AC59: 20000 | AD59: =AB59*AC59 -> 1900000 | AF59: =AD59/AL59 -> 455.17268 | AG59: =T59 -> 2 | AK59: =AI59/AL59 -> 0 | AL59: 4174.24 | AM59: =AF59+AK59 -> 455.17268 | AN59: =AA59-AM59 -> 2313.0673 | AO59: 0 | AR59: 45 | AS59: 0 | AY59: =VLOOKUP(E59,Table1[[BL NO.]:[Total Value USD]],21,0) -> 2768.24 | AZ59: =AN59-AY59 -> -455.17268 | BA59: 20KG BAGS | BB59: Import Container Damage/Short | BC59: Marine Insuranse | BD59: Import | BE59: 39 torn bag/45 short bag/ 95 wet bag BL:CAEMER25848900.the 95 wet bags sold the unit price is 20,000 SDG, total value 1,900,000 SDG. | BF59: CIS report/LOP for wet bag/ short bag | BG59: 16.477619 | BH59: =BG59*K59 -> 2521.0757 | BI59: =BG59*BN59 -> 58248.383 | BJ59: =BI59*L59 -> 9785728.4 | BK59: 63416 | BL59: =BK59*L59 -> 10653888 | BM59: 0 | BN59: 3535 | BO59: Pending | BP59: Adjusted | BQ59: Jeenue | BR59: Post-War | BS59: Rawan | BU59: Accept | BV59: Pending | BW59: Case submitted/ Waiting Insurance feedback | BX59: =BH59 -> 2521.0757 | BY59: 0 | BZ59: =BX59-BY59 -> 2521.0757 | CA59: =(BY59/BX59-1)*-1 -> 1 | CB59: Waiting Feedback
A60: 46119 | B60: =TEXT(A60,"MMM") -> Apr | C60: =YEAR(A60) -> 2026 | D60: 57 | E60: CAEMER25848901 | F60: TX01 | G60: PZU-Alnasseg WH | H60: 4000000058 | I60: LENTIL TAT 20KG | J60: 37 | K60: =N60+O60+P60+S60+T60+V60+W60 -> 18 | L60: =37-14 -> 23 | M60: NC 129 | N60: 1 | O60: 0 | P60: 0 | Q60: 0 | R60: 36 | S60: =14 -> 14 | T60: 3 | U60: =R60-S60-T60 -> 19 | X60: =Q60-V60-W60 -> 0 | Y60: =N60+O60+P60+S60+T60+V60+W60 -> 18 | Z60: 15.465028 | AA60: =Y60*Z60 -> 278.3705 | AB60: =N60+W60 -> 1 | AF60: =AD60/AL60 -> 0 | AG60: =T60 -> 3 | AK60: =AI60/AL60 -> 0 | AL60: 3535 | AM60: =AF60+AK60 -> 0 | AN60: =AA60-AM60 -> 278.3705 | AO60: 0 | AR60: 0 | AS60: 0 | AY60: =VLOOKUP(E60,Table1[[BL NO.]:[Total Value USD]],21,0) -> 278.3705 | AZ60: =AN60-AY60 -> 0 | BA60: 20KG BAGS | BB60: Import Container Damage/Short | BC60: Marine Insuranse | BD60: Import | BE60: 36 torn bag/1 wet bag BL:CAEMER25848901. | BF60: CIS report | BG60: 15.465028 | BH60: =BG60*K60 -> 278.3705 | BI60: =BG60*BN60 -> 54668.874 | BJ60: =BI60*L60 -> 1257384.1 | BK60: 63416 | BL60: =BK60*L60 -> 1458568 | BM60: 0 | BN60: 3535 | BO60: Loss | BP60: N/A | BQ60: Jeenue | BR60: Post-War | BS60: Rawan | BU60: Accept | BV60: Close | BW60: Less than deductable | BX60: =BH60 -> 278.3705 | BY60: 0 | BZ60: =BX60-BY60 -> 278.3705 | CA60: =(BY60/BX60-1)*-1 -> 1 | CB60: Less than deductable (0.5%)
A61: 46119 | B61: =TEXT(A61,"MMM") -> Apr | C61: =YEAR(A61) -> 2026 | D61: 58 | E61: CAEMER25848902 | F61: BN01 | G61: PZU-Bond Area WH | H61: 4000000058 | I61: LENTIL TAT 20KG | J61: 72 | K61: =N61+O61+P61+S61+T61+V61+W61 -> 56 | L61: =72-6 -> 66 | M61: NC 135 | N61: 7 | O61: 43 | P61: 0 | Q61: 0 | R61: 22 | S61: 6 | T61: 0 | U61: =R61-S61-T61 -> 16 | X61: =Q61-V61-W61 -> 0 | Y61: =N61+O61+P61+S61+T61+V61+W61 -> 56 | Z61: 15.465028 | AA61: =Y61*Z61 -> 866.04156 | AB61: =N61+W61 -> 7 | AF61: =AD61/AL61 -> 0 | AG61: =T61 -> 0 | AK61: =AI61/AL61 -> 0 | AL61: 3535 | AM61: =AF61+AK61 -> 0 | AN61: =AA61-AM61 -> 866.04156 | AO61: 0 | AR61: 43 | AS61: 0 | AY61: =VLOOKUP(E61,Table1[[BL NO.]:[Total Value USD]],21,0) -> 866.04156 | AZ61: =AN61-AY61 -> 0 | BA61: 20KG BAGS | BB61: Import Container Damage/Short | BC61: Marine Insuranse | BD61: Import | BE61: 22 torn bag/43 short bag/ 7 wet bag BL:CAEMER25848902. | BF61: CIS report/LOP for wet bag/ short bag | BG61: 15.465028 | BH61: =BG61*K61 -> 866.04156 | BI61: =BG61*BN61 -> 54668.874 | BJ61: =BI61*L61 -> 3608145.7 | BK61: 63416 | BL61: =BK61*L61 -> 4185456 | BM61: 0 | BN61: 3535 | BO61: Loss | BP61: Adjusted | BQ61: Jeenue | BR61: Post-War | BS61: Rawan | BU61: Accept | BV61: Close | BW61: Less than deductable | BX61: =BH61 -> 866.04156 | BY61: 0 | BZ61: =BX61-BY61 -> 866.04156 | CA61: =(BY61/BX61-1)*-1 -> 1 | CB61: Less than deductable (0.5%)
A62: 46120 | B62: Apr | C62: 2026 | D62: 59 | E62: CAEMER25848800 | F62: BN01 | G62: PZU-Bond Area WH | H62: 4000000058 | I62: LENTIL TAT 20KG | J62: 206 | K62: =N62+O62+P62+S62+T62+V62+W62 -> 16 | L62: =206-13 -> 193 | M62: NC 126 | N62: 0 | O62: 0 | P62: 0 | Q62: 157 | R62: 49 | S62: 13 | T62: 0 | U62: =R62-S62-T62 -> 36 | V62: 1 | W62: 2 | X62: =Q62-V62-W62 -> 154 | Y62: =N62+O62+P62+S62+T62+V62+W62 -> 16 | Z62: 15.465 | AA62: =Y62*Z62 -> 247.44 | AB62: =N62+W62 -> 2 | AF62: =AD62/AL62 -> 0 | AG62: =T62 -> 0 | AK62: =AI62/AL62 -> 0 | AL62: 3535 | AM62: =AF62+AK62 -> 0 | AN62: =AA62-AM62 -> 247.44 | AO62: 157 | AP62: 2 | AQ62: 1 | AR62: 0 | AS62: 0 | AY62: =VLOOKUP(E62,Table1[[BL NO.]:[Total Value USD]],21,0) -> 247.44 | AZ62: =AN62-AY62 -> 0 | BA62: 20KG BAGS | BB62: Import Container Damage/Short | BC62: Marine Insuranse | BD62: Import | BE62: 49 torn bag/ 157 wet bag BL:CAEMER25848800, there is 20 bags excess. torn bags are not covered under insurance.With regards to the wet bags, damage comes within the internationally accepted tolerance limit of .5% , which is a prerequisite for the insurance company to consider / accept the claim. | BF62: CIS report/LOP for wet bag | BG62: 15.465 | BH62: =BG62*K62 -> 247.44 | BI62: =BG62*BN62 -> 54668.775 | BJ62: =BI62*L62 -> 10551074 | BK62: 63416 | BL62: =BK62*L62 -> 12239288 | BM62: 0 | BN62: 3535 | BO62: Loss | BP62: N/A | BQ62: Liminz | BR62: Post-War | BS62: Rawan | BU62: Accept | BV62: Close | BW62: Less than deductable | BX62: 3185.79 | BY62: 0 | BZ62: =BX62-BY62 -> 3185.79 | CA62: =(BY62/BX62-1)*-1 -> 1 | CB62: Less than deductable (0.5%) | CC62: The 157 high polish bags are under processing. There is 28 bags under process. | CD62: Pending
A63: 46120 | B63: Apr | C63: 2026 | D63: 60 | E63: CAEMER25848801 | F63: BN01 | G63: PZU-Bond Area WH | H63: 4000000058 | I63: LENTIL TAT 20KG | J63: 66 | K63: =N63+O63+P63+S63+T63+V63+W63 -> 17 | L63: =66-17 -> 49 | M63: NC 127 | N63: 0 | O63: 0 | P63: 0 | Q63: 0 | R63: 66 | S63: 17 | T63: 0 | U63: =R63-S63-T63 -> 49 | X63: =Q63-V63-W63 -> 0 | Y63: =N63+O63+P63+S63+T63+V63+W63 -> 17 | Z63: 15.465 | AA63: =Y63*Z63 -> 262.905 | AB63: =N63+W63 -> 0 | AF63: =AD63/AL63 -> 0 | AG63: =T63 -> 0 | AK63: =AI63/AL63 -> 0 | AL63: 3535 | AM63: =AF63+AK63 -> 0 | AN63: =AA63-AM63 -> 262.905 | AO63: 0 | AR63: 0 | AS63: 0 | AY63: =VLOOKUP(E63,Table1[[BL NO.]:[Total Value USD]],21,0) -> 262.905 | AZ63: =AN63-AY63 -> 0 | BA63: 20KG BAGS | BB63: Import Container Damage/Short | BC63: Marine Insuranse | BD63: Import | BE63: 66 torn bag BL:CAEMER25848801, there is excess 36 bags. torn bags are not covered under insurance. | BF63: CIS report | BG63: 15.465 | BH63: =BG63*K63 -> 262.905 | BI63: =BG63*BN63 -> 54668.775 | BJ63: =BI63*L63 -> 2678770 | BK63: 63416 | BL63: =BK63*L63 -> 3107384 | BM63: 0 | BN63: 3535 | BO63: Loss | BP63: N/A | BQ63: Liminz | BR63: Post-War | BS63: Rawan | BU63: Accept | BV63: Close | BW63: Less than deductable | BX63: 1020.69 | BY63: 0 | BZ63: =BX63-BY63 -> 1020.69 | CA63: =(BY63/BX63-1)*-1 -> 1 | CB63: Less than deductable (0.5%)
A64: 46120 | B64: Apr | C64: 2026 | D64: 61 | E64: NSM/SE/175, | F64: BN01 | G64: PZU-Bond Area WH | H64: 4000000088 | I64: RICE LONG ELNGM 20K | J64: 149 | K64: =N64+O64+P64+S64+T64+V64+W64 -> 116 | L64: 149 | M64: NC 130 | N64: 0 | O64: 101 | P64: 0 | Q64: 0 | R64: 48 | S64: 15 | T64: 0 | U64: =R64-S64-T64 -> 33 | X64: =Q64-V64-W64 -> 0 | Y64: =N64+O64+P64+S64+T64+V64+W64 -> 116 | Z64: 7.9624832 | AA64: =Y64*Z64 -> 923.64805 | AB64: =N64+W64 -> 0 | AF64: =AD64/AL64 -> 0 | AG64: =T64 -> 0 | AK64: =AI64/AL64 -> 0 | AL64: 3535 | AM64: =AF64+AK64 -> 0 | AN64: =AA64-AM64 -> 923.64805 | AO64: 0 | AR64: 101 | AS64: 0 | AY64: =VLOOKUP(E64,Table1[[BL NO.]:[Total Value USD]],21,0) -> 923.64805 | AZ64: =AN64-AY64 -> 0 | BA64: 20KG BAGS | BB64: Import Container Damage/Short | BC64: Marine Insuranse | BD64: Import | BE64: 48 torn bag/ 101 short bag BL:NSM/SE/175, torn bags are not covered under insurance. Short bag less than deductable 0.5% | BF64: CIS report/LOP for short bag | BG64: 7.9624832 | BH64: =BG64*K64 -> 923.64805 | BI64: =BG64*BN64 -> 28147.378 | BJ64: =BI64*L64 -> 4193959.4 | BK64: 34287.78 | BL64: =BK64*L64 -> 5108879.2 | BM64: 0 | BN64: 3535 | BO64: Loss | BP64: Pending | BQ64: Jeenue | BR64: Post-War | BS64: Rawan | BU64: Accept | BV64: Close | BW64: Less than deductable | BX64: 1186.41 | BY64: 0 | BZ64: =BX64-BY64 -> 1186.41 | CA64: =(BY64/BX64-1)*-1 -> 1 | CB64: Less than deductable (0.5%) | CC64: The torn Bags listed under loading and offloading at NC, while it is reported at Final survey report.
A65: 46152 | B65: May | C65: 2026 | D65: 62 | E65: CAEMER26120701 | F65: TX01 | G65: PZU-Alnasseg WH | H65: 4000000058 | I65: LENTIL TAT 20KG | J65: 122 | K65: =N65+O65+P65+S65+T65+V65+W65 -> 57 | L65: 122 | M65: NC 139 | N65: 4 | O65: 0 | P65: 41 | Q65: 0 | R65: 77 | S65: 11 | T65: 1 | U65: =R65-S65-T65 -> 65 | X65: =Q65-V65-W65 -> 0 | Y65: =N65+O65+P65+S65+T65+V65+W65 -> 57 | Z65: 15.47 | AA65: =Y65*Z65 -> 881.79 | AB65: =N65+W65 -> 4 | AF65: =AD65/AL65 -> 0 | AG65: =T65 -> 1 | AK65: =AI65/AL65 -> 0 | AL65: 4060 | AM65: =AF65+AK65 -> 0 | AN65: =AA65-AM65 -> 881.79 | AO65: 0 | AR65: 0 | AS65: 41 | AY65: =VLOOKUP(E65,Table1[[BL NO.]:[Total Value USD]],21,0) -> 881.79 | AZ65: =AN65-AY65 -> 0 | BA65: 20KG BAGS | BB65: Import Container Damage/Short | BC65: Marine Insuranse | BD65: Import | BE65: 77 torn bag/41 Rejected bag/ 4 wet bag BL:CAEMER26120701. | BF65: CIS report/LOP | BG65: 15.47 | BH65: =BG65*K65 -> 881.79 | BI65: =BG65*BN65 -> 62808.2 | BJ65: =BI65*L65 -> 7662600.4 | BK65: 69278 | BL65: =BK65*L65 -> 8451916 | BM65: 0 | BN65: 4060 | BO65: Pending | BP65: N/A | BQ65: Jeenue | BR65: Post-War | BS65: Rawan | BU65: Accept | BV65: Close | BW65: Less than deductable | BX65: =Table1[[#This Row],[Total Value USD]] -> 1021.02 | BY65: 0 | BZ65: =BX65-BY65 -> 1021.02 | CA65: =(BY65/BX65-1)*-1 -> 1 | CB65: Waiting Feedback
A66: 46152 | B66: May | C66: 2026 | D66: 63 | E66: CAEMER26120700 | F66: TX01 | G66: PZU-Alnasseg WH | H66: 4000000058 | I66: LENTIL TAT 20KG | J66: 94 | K66: =N66+O66+P66+S66+T66+V66+W66 -> 66 | L66: 94 | M66: NC 138-Comment | N66: 20 | O66: 0 | P66: 35 | Q66: 0 | R66: 39 | S66: 11 | T66: 0 | U66: =R66-S66-T66 -> 28 | X66: =Q66-V66-W66 -> 0 | Y66: =N66+O66+P66+S66+T66+V66+W66 -> 66 | Z66: 15.47 | AA66: =Y66*Z66 -> 1021.02 | AB66: =N66+W66 -> 20 | AF66: =AD66/AL66 -> 0 | AG66: =T66 -> 0 | AK66: =AI66/AL66 -> 0 | AL66: 4060 | AM66: =AF66+AK66 -> 0 | AN66: =AA66-AM66 -> 1021.02 | AO66: 0 | AR66: 0 | AS66: 35 | AY66: =VLOOKUP(E66,Table1[[BL NO.]:[Total Value USD]],21,0) -> 1021.02 | AZ66: =AN66-AY66 -> 0 | BA66: 20KG BAGS | BB66: Import Container Damage/Short | BC66: Marine Insuranse | BD66: Import | BE66: 39 torn bag/35 Rejected bag/ 20 wet bag BL:CAEMER26120700. | BF66: CIS report/LOP | BG66: 15.47 | BH66: =BG66*K66 -> 1021.02 | BI66: =BG66*BN66 -> 62808.2 | BJ66: =BI66*L66 -> 5903970.8 | BK66: 69278 | BL66: =BK66*L66 -> 6512132 | BM66: 0 | BN66: 4060 | BO66: Pending | BP66: N/A | BQ66: Jeenue | BR66: Post-War | BS66: Rawan | BU66: Accept | BV66: Close | BW66: Less than deductable | BX66: =Table1[[#This Row],[Total Value USD]] -> 2379 | BY66: 0 | BZ66: =BX66-BY66 -> 2379 | CA66: =(BY66/BX66-1)*-1 -> 1 | CB66: Less than deductable (0.5%) | CC66: No wet bags are reported in the NC.
A67: 46152 | B67: May | C67: 2026 | D67: 64 | E67: CAEMER26120702 | F67: BN01 | G67: PZU-Bond Area WH | H67: 4000000058 | I67: LENTIL TAT 20KG | J67: 182 | K67: =N67+O67+P67+S67+T67+V67+W67 -> 156 | L67: =182-13 -> 169 | M67: NC 141 | N67: 78 | O67: 0 | P67: 65 | Q67: 0 | R67: 39 | S67: 13 | T67: 0 | U67: =R67-S67-T67 -> 26 | X67: =Q67-V67-W67 -> 0 | Y67: =N67+O67+P67+S67+T67+V67+W67 -> 156 | Z67: 15.25 | AA67: =Y67*Z67 -> 2379 | AB67: =N67+W67 -> 78 | AF67: =AD67/AL67 -> 0 | AG67: =T67 -> 0 | AK67: =AI67/AL67 -> 0 | AL67: 4060 | AM67: =AF67+AK67 -> 0 | AN67: =AA67-AM67 -> 2379 | AO67: 0 | AR67: 0 | AS67: 65 | AY67: =VLOOKUP(E67,Table1[[BL NO.]:[Total Value USD]],21,0) -> 2379 | AZ67: =AN67-AY67 -> 0 | BA67: 20KG BAGS | BB67: Import Container Damage/Short | BC67: Marine Insuranse | BD67: Import | BE67: 39 torn bag/65 Rejected bag/ 78 wet bag BL:CAEMER26120702. | BF67: CIS report/LOP | BG67: 15.25 | BH67: =BG67*K67 -> 2379 | BI67: =BG67*BN67 -> 61915 | BJ67: =BI67*L67 -> 10463635 | BK67: 69278 | BL67: =BK67*L67 -> 11707982 | BM67: 0 | BN67: 4060 | BO67: Pending | BP67: N/A | BQ67: Jeenue | BR67: Post-War | BS67: Rawan | BU67: Accept | BV67: Close | BW67: Less than deductable | BX67: =Table1[[#This Row],[Total Value USD]] -> 770.5 | BY67: 0 | BZ67: =BX67-BY67 -> 770.5 | CA67: =(BY67/BX67-1)*-1 -> 1 | CB67: Less than deductable (0.5%) | CC67: Wet bags are under processing. | CD67: Pending
A68: 46153 | B68: May | C68: 2026 | D68: 65 | E68: CAEMER26120704 | F68: TX01 | G68: PZU-Alnasseg WH | H68: 4000000058 | I68: LENTIL TAT 20KG | J68: 69 | K68: =N68+O68+P68+S68+T68+V68+W68 -> 50 | L68: =69-7 -> 62 | M68: NC 142 | N68: 29 | O68: 0 | P68: 14 | R68: 25 | S68: 7 | T68: 0 | U68: =R68-S68-T68 -> 18 | X68: =Q68-V68-W68 -> 0 | Y68: =N68+O68+P68+S68+T68+V68+W68 -> 50 | Z68: 15.41 | AA68: =Y68*Z68 -> 770.5 | AB68: =N68+W68 -> 29 | AF68: =AD68/AL68 -> 0 | AG68: =T68 -> 0 | AK68: =AI68/AL68 -> 0 | AL68: 4060 | AM68: =AF68+AK68 -> 0 | AN68: =AA68-AM68 -> 770.5 | AR68: 0 | AS68: 14 | AY68: =VLOOKUP(E68,Table1[[BL NO.]:[Total Value USD]],21,0) -> 770.5 | AZ68: =AN68-AY68 -> 0 | BA68: 20KG BAGS | BB68: Import Container Damage/Short | BC68: Marine Insuranse | BD68: Import | BE68: 25 torn bag/14 Rejected bag/ 29 wet bag BL:CAEMER26120704. | BF68: CIS report/LOP | BG68: 15.41 | BH68: =BG68*K68 -> 770.5 | BI68: =BG68*BN68 -> 62564.6 | BJ68: =BI68*L68 -> 3879005.2 | BK68: 69278 | BL68: =BK68*L68 -> 4295236 | BM68: 0 | BN68: 4060 | BO68: Pending | BP68: N/A | BQ68: Jeenue | BR68: Post-War | BS68: Rawan | BU68: Pending | BV68: Pending | BW68: Case submitted/ Waiting Insurance feedback | BX68: =Table1[[#This Row],[Total Value USD]] -> 116.98774 | BY68: 0 | BZ68: =BX68-BY68 -> 116.98774 | CA68: =(BY68/BX68-1)*-1 -> 1 | CB68: Less than deductable (0.5%) | CC68: Wet bags are under processing. | CD68: Pending
A69: 46188 | B69: =TEXT(A69,"MMM") -> Jun | C69: =YEAR(A69) -> 2026 | D69: 66 | E69: SHNSAPZU25110204 | F69: BN01 | G69: PZU-Bond Area WH | H69: 4000000088 | I69: RICE LONG ELNGM 20K | J69: 160 | K69: =N69+O69+P69+S69+T69+V69+W69 -> 15 | L69: =160-15 -> 145 | M69: NC 123 | N69: 0 | O69: 0 | P69: 0 | Q69: 0 | R69: 160 | S69: 15 | T69: 0 | U69: =R69-S69-T69 -> 145 | X69: =Q69-V69-W69 -> 0 | Y69: =N69+O69+P69+S69+T69+V69+W69 -> 15 | Z69: 7.7991826 | AA69: =Y69*Z69 -> 116.98774 | AB69: =N69+W69 -> 0 | AF69: =AD69/AL69 -> 0 | AG69: =T69 -> 0 | AK69: =AI69/AL69 -> 0 | AL69: 4583.93 | AM69: =AF69+AK69 -> 0 | AN69: =AA69-AM69 -> 116.98774 | AO69: 0 | AR69: 0 | AS69: 0 | AY69: =VLOOKUP(E69,Table1[[BL NO.]:[Total Value USD]],21,0) -> 116.98774 | AZ69: =AN69-AY69 -> 0 | BA69: 20KG BAGS | BB69: Import Container Damage/Short | BC69: Marine Insuranse | BD69: Import | BE69: 160 torn bag BL:SHNSAPZU25110204. | BF69: CIS Report | BG69: 7.7991826 | BH69: =BG69*K69 -> 116.98774 | BI69: =BG69*BN69 -> 35750.907 | BJ69: =BI69*L69 -> 5183881.5 | BK69: 37916.24 | BL69: =BK69*L69 -> 5497854.8 | BM69: 0 | BN69: 4583.93 | BO69: Pending | BP69: N/A | BQ69: Jeenue | BR69: Post-War | BS69: Rawan | BU69: Pending | BV69: Pending | BW69: Case submitted/ Waiting Insurance feedback | BX69: =BH69 -> 116.98774 | BY69: 0 | BZ69: =BX69-BY69 -> 116.98774 | CA69: =(BY69/BX69-1)*-1 -> 1 | CB69: Waiting Feedback
A70: 46197 | B70: =TEXT(A70,"MMM") -> Jun | C70: =YEAR(A70) -> 2026 | D70: 67 | E70: CAEMER26224201 | F70: BN01 | G70: PZU-Bond Area WH | H70: 4000000058 | I70: LENTIL TAT 20KG | J70: 53 | K70: =N70+O70+P70+S70+T70+V70+W70 -> 0 | L70: 53 | M70: NC 160 | N70: 0 | O70: 0 | P70: 0 | Q70: 0 | R70: 40 | S70: 0 | T70: 0 | U70: =R70-S70-T70 -> 40 | X70: =Q70-V70-W70 -> 0 | Y70: =N70+O70+P70+S70+T70+V70+W70 -> 0 | Z70: 15.253569 | AA70: =Y70*Z70 -> 0 | AB70: =N70+W70 -> 0 | AF70: =AD70/AL70 -> 0 | AG70: =T70 -> 0 | AK70: =AI70/AL70 -> 0 | AL70: 4583.93 | AM70: =AF70+AK70 -> 0 | AN70: =AA70-AM70 -> 0 | AO70: 0 | AR70: 0 | AS70: 0 | AY70: =VLOOKUP(E70,Table1[[BL NO.]:[Total Value USD]],21,0) -> 0 | AZ70: =AN70-AY70 -> 0 | BA70: 20KG BAGS | BB70: Import Container Damage/Short | BC70: Marine Insuranse | BD70: Import | BE70: 40 torn bag/13 wet bags BL:CAEMER26224201. | BF70: CIS Report | BG70: 15.253569 | BH70: =BG70*K70 -> 0 | BI70: =BG70*BN70 -> 69921.295 | BJ70: =BI70*L70 -> 3705828.6 | BK70: 37916.24 | BL70: =BK70*L70 -> 2009560.7 | BM70: 0 | BN70: 4583.93 | BO70: Pending | BP70: N/A | BQ70: Jeenue | BR70: Post-War | BS70: Rawan | BU70: Pending | BV70: Pending | BW70: Case submitted/ Waiting Insurance feedback | BX70: =BH70 -> 0 | BY70: 0 | BZ70: =BX70-BY70 -> 0 | CA70: =(BY70/BX70-1)*-1 -> #DIV/0! | CB70: Waiting Feedback | CC70: The torn and wet bags are under processing. | CD70: Pending
A71: 46197 | B71: =TEXT(A71,"MMM") -> Jun | C71: =YEAR(A71) -> 2026 | D71: 68 | E71: CAEMER26224202 | F71: BN01 | G71: PZU-Bond Area WH | H71: 4000000058 | I71: LENTIL TAT 20KG | J71: 29 | K71: =N71+O71+P71+S71+T71+V71+W71 -> 0 | L71: 29 | M71: NC 161 | N71: 0 | O71: 0 | P71: 0 | Q71: 0 | R71: 29 | S71: 0 | T71: 0 | U71: =R71-S71-T71 -> 29 | X71: =Q71-V71-W71 -> 0 | Y71: =N71+O71+P71+S71+T71+V71+W71 -> 0 | Z71: 15.253569 | AA71: =Y71*Z71 -> 0 | AB71: =N71+W71 -> 0 | AF71: =AD71/AL71 -> 0 | AG71: =T71 -> 0 | AK71: =AI71/AL71 -> 0 | AL71: 4583.93 | AM71: =AF71+AK71 -> 0 | AN71: =AA71-AM71 -> 0 | AO71: 0 | AR71: 0 | AS71: 0 | AY71: =VLOOKUP(E71,Table1[[BL NO.]:[Total Value USD]],21,0) -> 0 | AZ71: =AN71-AY71 -> 0 | BA71: 20KG BAGS | BB71: Import Container Damage/Short | BC71: Marine Insuranse | BD71: Import | BE71: 29 torn bag BL:CAEMER26224202. | BF71: CIS Report | BG71: 15.253569 | BH71: =BG71*K71 -> 0 | BI71: =BG71*BN71 -> 69921.295 | BJ71: =BI71*L71 -> 2027717.5 | BK71: 37916.24 | BL71: =BK71*L71 -> 1099571 | BM71: 0 | BN71: 4583.93 | BO71: Pending | BP71: N/A | BQ71: Jeenue | BR71: Post-War | BS71: Rawan | BU71: Pending | BV71: Pending | BW71: Case submitted/ Waiting Insurance feedback | BX71: =BH71 -> 0 | BY71: 0 | BZ71: =BX71-BY71 -> 0 | CA71: =(BY71/BX71-1)*-1 -> #DIV/0! | CB71: Waiting Feedback | CC71: The torn bags are under processing. | CD71: Pending
A72: 46197 | B72: =TEXT(A72,"MMM") -> Jun | C72: =YEAR(A72) -> 2026 | D72: 69 | E72: CAEMER26224203 | F72: BN01 | G72: PZU-Bond Area WH | H72: 4000000058 | I72: LENTIL TAT 20KG | J72: 92 | K72: =N72+O72+P72+S72+T72+V72+W72 -> 2 | L72: 92 | M72: NC 162 | N72: 2 | O72: 0 | P72: 0 | Q72: 0 | R72: 90 | S72: 0 | T72: 0 | U72: =R72-S72-T72 -> 90 | X72: =Q72-V72-W72 -> 0 | Y72: =N72+O72+P72+S72+T72+V72+W72 -> 2 | Z72: 15.253569 | AA72: =Y72*Z72 -> 30.507139 | AB72: =N72+W72 -> 2 | AF72: =AD72/AL72 -> 0 | AG72: =T72 -> 0 | AK72: =AI72/AL72 -> 0 | AL72: 4583.93 | AM72: =AF72+AK72 -> 0 | AN72: =AA72-AM72 -> 30.507139 | AO72: 0 | AR72: 0 | AS72: 0 | AY72: =VLOOKUP(E72,Table1[[BL NO.]:[Total Value USD]],21,0) -> 30.507139 | AZ72: =AN72-AY72 -> 0 | BA72: 20KG BAGS | BB72: Import Container Damage/Short | BC72: Marine Insuranse | BD72: Import | BE72: 90 torn bag/2 wet bags BL:CAEMER26224203. | BF72: CIS Report | BG72: 15.253569 | BH72: =BG72*K72 -> 30.507139 | BI72: =BG72*BN72 -> 69921.295 | BJ72: =BI72*L72 -> 6432759.1 | BK72: 37916.24 | BL72: =BK72*L72 -> 3488294.1 | BM72: 0 | BN72: 4583.93 | BO72: Pending | BP72: N/A | BQ72: Jeenue | BR72: Post-War | BS72: Rawan | BU72: Pending | BV72: Pending | BW72: Case submitted/ Waiting Insurance feedback | BX72: =BH72 -> 30.507139 | BY72: 0 | BZ72: =BX72-BY72 -> 30.507139 | CA72: =(BY72/BX72-1)*-1 -> 1 | CB72: Waiting Feedback | CC72: The torn bags are under processing. | CD72: Pending
A73: 46197 | B73: =TEXT(A73,"MMM") -> Jun | C73: =YEAR(A73) -> 2026 | D73: 70 | E73: CAEMER26224204 | F73: BN01 | G73: PZU-Bond Area WH | H73: 4000000058 | I73: LENTIL TAT 20KG | J73: 118 | K73: =N73+O73+P73+S73+T73+V73+W73 -> 39 | L73: =39+79 -> 118 | M73: Not update at CTS | N73: 39 | O73: 0 | P73: 0 | Q73: 0 | R73: 79 | S73: 0 | T73: 0 | U73: =R73-S73-T73 -> 79 | X73: =Q73-V73-W73 -> 0 | Y73: =N73+O73+P73+S73+T73+V73+W73 -> 39 | Z73: 15.253569 | AA73: =Y73*Z73 -> 594.88921 | AB73: =N73+W73 -> 39 | AF73: =AD73/AL73 -> 0 | AG73: =T73 -> 0 | AK73: =AI73/AL73 -> 0 | AL73: 4583.93 | AM73: =AF73+AK73 -> 0 | AN73: =AA73-AM73 -> 594.88921 | AO73: 0 | AR73: 0 | AS73: 0 | AY73: =VLOOKUP(E73,Table1[[BL NO.]:[Total Value USD]],21,0) -> 594.88921 | AZ73: =AN73-AY73 -> 0 | BA73: 20KG BAGS | BB73: Import Container Damage/Short | BC73: Marine Insuranse | BD73: Import | BE73: 79 torn bag/39 wet bags BL:CAEMER26224204. | BF73: CIS Report | BG73: 15.253569 | BH73: =BG73*K73 -> 594.88921 | BI73: =BG73*BN73 -> 69921.295 | BJ73: =BI73*L73 -> 8250712.8 | BK73: 37916.24 | BL73: =BK73*L73 -> 4474116.3 | BM73: 0 | BN73: 4583.93 | BO73: Pending | BP73: N/A | BQ73: Jeenue | BR73: Post-War | BS73: Rawan | BU73: Pending | BV73: Pending | BW73: Case submitted/ Waiting Insurance feedback | BX73: =BH73 -> 594.88921 | BY73: 0 | BZ73: =BX73-BY73 -> 594.88921 | CA73: =(BY73/BX73-1)*-1 -> 1 | CB73: Waiting Feedback | CD73: Pending
A74: 46222 | B74: Jul | C74: 2026 | D74: 71 | E74: CAEMER26294102 | F74: BN01 | G74: PZU-Bond Area WH | H74: 4000000058 | I74: LENTIL TAT 20KG | J74: 32 | K74: =N74+O74+P74+S74+T74+V74+W74 -> 1 | L74: 32 | M74: Not update at CTS | N74: 1 | O74: 0 | P74: 0 | Q74: 0 | R74: 31 | S74: 0 | T74: 0 | U74: =R74-S74-T74 -> 31 | X74: =Q74-V74-W74 -> 0 | Y74: =N74+O74+P74+S74+T74+V74+W74 -> 1 | Z74: 15.75 | AA74: =Y74*Z74 -> 15.75 | AB74: =N74+W74 -> 1 | AF74: =AD74/AL74 -> 0 | AG74: =T74 -> 0 | AK74: =AI74/AL74 -> 0 | AL74: 5624 | AM74: =AF74+AK74 -> 0 | AN74: =AA74-AM74 -> 15.75 | AO74: 0 | AR74: 0 | AS74: 0 | AY74: =VLOOKUP(E74,Table1[[BL NO.]:[Total Value USD]],21,0) -> 15.75 | AZ74: =AN74-AY74 -> 0 | BA74: 20KG BAGS | BE74: 31 torn bag/1 wet bags BL:CAEMER26294102.Torn bags are not covered under insurance for wet bag less than deductable .05% | BF74: CIS report/LOP | BH74: =BG74*K74 -> 0 | CD74: Pending
A75: 46222 | B75: Jul | C75: 2026 | D75: 72 | E75: CAEMER26294103 | F75: BN01 | G75: PZU-Bond Area WH | H75: 4000000058 | I75: LENTIL TAT 20KG | J75: 25 | K75: =N75+O75+P75+S75+T75+V75+W75 -> 0 | L75: 25 | M75: Not update at CTS | N75: 0 | O75: 0 | P75: 0 | Q75: 0 | R75: 25 | S75: 0 | T75: 0 | U75: =R75-S75-T75 -> 25 | X75: =Q75-V75-W75 -> 0 | Y75: =N75+O75+P75+S75+T75+V75+W75 -> 0 | Z75: 15.75 | AA75: =Y75*Z75 -> 0 | AB75: =N75+W75 -> 0 | AF75: =AD75/AL75 -> 0 | AG75: =T75 -> 0 | AK75: =AI75/AL75 -> 0 | AL75: 5624 | AM75: =AF75+AK75 -> 0 | AN75: =AA75-AM75 -> 0 | AO75: 0 | AR75: 0 | AS75: 0 | AY75: =VLOOKUP(E75,Table1[[BL NO.]:[Total Value USD]],21,0) -> 0 | AZ75: =AN75-AY75 -> 0 | BA75: 20KG BAGS | BE75: 25 torn bag BL:CAEMER26294103.Torn bags are not covered under insurance | BF75: CIS report/LOP | BG75: =BF75*K75 -> #VALUE! | BH75: =BG75*K75 -> #VALUE! | BI75: =BH75*K75 -> #VALUE! | BJ75: 37916.24 | BK75: =BJ75*K75 -> 0 | BL75: 0 | BM75: 4583.93 | BN75: Pending | BO75: N/A | BP75: Jeenue | BQ75: Post-War | BR75: Rawan | BT75: Pending | BU75: Pending | BV75: Case submitted/ Waiting Insurance feedback | BX75: 0 | BY75: =#REF!-BX75 -> #REF! | BZ75: =(BX75/#REF!-1)*-1 -> #REF! | CA75: Waiting Feedback | CD75: Pending
A76: 46225 | B76: Jul | C76: 2026 | D76: 73 | E76: VCLMERPZU5248326 | F76: TX01 | G76: PZU-Alnasseg WH | H76: 4000000058 | I76: LENTIL TAT 20KG | J76: =56+23 -> 79 | K76: =N76+O76+P76+S76+T76+V76+W76 -> 0 | M76: NC169 | N76: 0 | O76: 0 | P76: 0 | Q76: 56 | R76: 50 | S76: 0 | T76: 0 | U76: =R76-S76-T76 -> 50 | X76: =Q76-V76-W76 -> 56 | Y76: =N76+O76+P76+S76+T76+V76+W76 -> 0 | Z76: 15.260109 | AA76: =Y76*Z76 -> 0 | AB76: =N76+W76 -> 0 | AF76: =AD76/AL76 -> 0 | AG76: =T76 -> 0 | AK76: =AI76/AL76 -> 0 | AL76: 5624 | AM76: =AF76+AK76 -> 0 | AN76: =AA76-AM76 -> 0 | AY76: =VLOOKUP(E76,Table1[[BL NO.]:[Total Value USD]],21,0) -> 0 | AZ76: =AN76-AY76 -> 0 | BA76: 20KG BAGS | CC76: The Nc reported the Torn quantity during handling 27 bags and prior discharge operation 23 bags | CD76: Pending
A77: 46244 | B77: Aug | C77: 2026 | D77: 74 | E77: CAEMER26338900 | F77: BN01 | G77: PZU-Bond Area WH | H77: 4000000058 | I77: LENTIL TAT 20KG | J77: 18 | K77: =N77+O77+P77+S77+T77+V77+W77 -> 0 | M77: Not update at CTS | N77: 0 | O77: 0 | P77: 0 | Q77: 0 | R77: 18 | S77: 0 | T77: 0 | U77: =R77-S77-T77 -> 18 | X77: =Q77-V77-W77 -> 0 | Y77: =N77+O77+P77+S77+T77+V77+W77 -> 0 | Z77: 16.020872 | AA77: =Y77*Z77 -> 0 | AB77: =N77+W77 -> 0 | AF77: =AD77/AL77 -> 0 | AG77: =T77 -> 0 | AK77: =AI77/AL77 -> 0 | AL77: 5904 | AM77: =AF77+AK77 -> 0 | AN77: =AA77-AM77 -> 0 | AY77: =VLOOKUP(E77,Table1[[BL NO.]:[Total Value USD]],21,0) -> 0 | AZ77: =AN77-AY77 -> 0 | BA77: 20KG BAGS | CD77: Pending
A78: 46244 | B78: Aug | C78: 2026 | D78: 75 | E78: VCLMERPZU5268326 | F78: BN01 | G78: PZU-Bond Area WH | H78: 4000000058 | I78: LENTIL TAT 20KG | J78: 28 | K78: =N78+O78+P78+S78+T78+V78+W78 -> 0 | M78: Not update at CTS | N78: 0 | O78: 0 | P78: 0 | Q78: 0 | R78: 28 | S78: 0 | T78: 0 | U78: =R78-S78-T78 -> 28 | X78: =Q78-V78-W78 -> 0 | Y78: =N78+O78+P78+S78+T78+V78+W78 -> 0 | Z78: 16.020872 | AA78: =Y78*Z78 -> 0 | AB78: =N78+W78 -> 0 | AF78: =AD78/AL78 -> 0 | AG78: =T78 -> 0 | AK78: =AI78/AL78 -> 0 | AL78: 5904 | AM78: =AF78+AK78 -> 0 | AN78: =AA78-AM78 -> 0 | AY78: =VLOOKUP(E78,Table1[[BL NO.]:[Total Value USD]],21,0) -> 0 | AZ78: =AN78-AY78 -> 0 | BA78: 20KG BAGS | CD78: Pending

Sheet Working
A1: Insurance Claims & Compensation Summary
A2: Period: 2019–2026 | Currency: USD | G2: Total Cases | H2: =GETPIVOTDATA("[Measures].[Distinct Count of Case Number]",$A$8) -> 75
G3: Total Claim Value | H3: =GETPIVOTDATA("[Measures].[Sum of Claim Value USD]",$A$8) -> 48609.365
G4: Total Compensation | H4: =GETPIVOTDATA("[Measures].[Sum of Compensation Value USD]",$A$8) -> 8236.64
G5: Overall Compensation Rate: | H5: =GETPIVOTDATA("[Measures].[measure 1]",$A$8) -> 0.16944554
A8: Year | B8: Count of Case Number | C8: Claim Value USD | D8: Compensation Value USD | E8: % Compensated
A9: 2024 | B9: 5 | C9: 3263.479 | D9: 1682.28 | E9: 0.51548669
A10: 2025 | B10: 38 | C10: 26749.059 | D10: 6554.36 | E10: 0.24503142
A11: 2026 | B11: 32 | C11: 18596.826 | D11: 0 | E11: 0
A12: Grand Total | B12: 75 | C12: 48609.365 | D12: 8236.64 | E12: 0.16944554
A37: Claims vs Compensation Trend (2019–2026)

Sheet Dashboard
C73: Yearly Summary
C76: Year | D76: Count of Case Number | E76: Claim Value USD | F76: Compensation Value USD | G76: % Compensated
C77: 2024 | D77: 5 | E77: 3263.479 | F77: 1682.28 | G77: 0.51548669
C78: 2025 | D78: 38 | E78: 26749.059 | F78: 6554.36 | G78: 0.24503142
C79: 2026 | D79: 32 | E79: 18596.826 | F79: 0 | G79: 0
C80: Grand Total | D80: 75 | E80: 48609.365 | F80: 8236.64 | G80: 0.16944554
AG94: Year | AH94: Count of Case Number | AI94: Claim Value USD | AJ94: Compensation Value USD | AK94: % Compensation
AG95: 2019 | AH95: 6 | AI95: 84364.735 | AJ95: 45301 | AK95: 0.53696607
AG96: 2020 | AH96: 5 | AI96: 74696 | AJ96: 70880 | AK96: 0.94891293
AG97: 2021 | AH97: 7 | AI97: 58671.448 | AJ97: 51276.11 | AK97: 0.87395337
AG98: 2022 | AH98: 18 | AI98: 145148.52 | AJ98: 66224.386 | AK98: 0.45625256
AG99: 2023 | AH99: 10 | AI99: 208242.54 | AJ99: 30769.74 | AK99: 0.14775915
AG100: 2024 | AH100: 29 | AI100: 732258.93 | AJ100: 635698.69 | AK100: 0.86813374
AG101: 2025 | AH101: 49 | AI101: 90288.064 | AJ101: 52805.564 | AK101: 0.58485654
AG102: 2026 | AH102: 18 | AI102: 18156.711 | AJ102: 0 | AK102: 0
AG103: Grand Total | AH103: 142 | AI103: 1411826.9 | AJ103: 952955.49 | AK103: 0.67498038

Sheet Import Shipment Details
A1: Date | B1: Season | C1: Month | D1: Year | E1: Case Number | F1: BL NO. | G1: WH | H1: Location | I1: Product | J1: Product Description | K1: Owner | L1: Intial Quantity | M1: Claim Quantity | N1: Short | O1: Torn | P1: Wet | Q1: Reject | R1: Hight polish | S1: Loss | T1: Unit | U1: Cause of Loss | V1: Insurance Type | W1: Type | X1: Detailed Description
A2: 45603 | B2: S7 | C2: =TEXT(A2,"MMM") -> Nov | D2: =YEAR(A2) -> 2024 | E2: 1 | F2: 3100033205A | G2: XI | H2: PZU-Bond area | I2: LE0001 | J2: LENTIL TAT 20KG | L2: 0 | M2: 0 | N2: 0 | O2: 0 | P2: 0 | Q2: 0 | R2: 0 | T2: 20KG BAGS | U2: Import Container Damage/Short | V2: Marine Insuranse | W2: Import | X2: Final inspection report, which confirms that there are no damaged bags as previously reported Container NO:FYCU7233921, BL NO:3100033205A
A3: 45603 | B3: S7 | C3: =TEXT(A3,"MMM") -> Nov | D3: =YEAR(A3) -> 2024 | E3: 2 | F3: XERNSAPSZU14324. | G3: XI | H3: PZU-Bond area | I3: RC0004 | J3: RICE LONG ELNGM 20K | L3: 215 | M3: 215 | N3: 0 | O3: 0 | P3: 215 | Q3: 0 | R3: 0 | T3: 20KG BAGS | U3: Import Container Damage/Short | V3: Marine Insuranse | W3: Import | X3: Shipment arrived Bond Area, container NO: JZPU1111481, BL XERNSAPSZU14324. The damage quantity of rice in 20kg bags is (215 bags 20KG) noted in wet and damage condition. We have received 50% of claim amount after the standard deduction (as per the policy) from insurance company. From insurance side they have made payment and closed their file, amount received is $1248.
A4: 45630 | B4: S7 | C4: =TEXT(A4,"MMM") -> Dec | D4: =YEAR(A4) -> 2024 | E4: 3 | F4: 245672578 | G4: XI | H4: PZU-Bond area | I4: LE0001 | J4: LENTIL TAT 20KG | L4: 0 | M4: 0 | N4: 0 | O4: 0 | P4: 0 | Q4: 0 | R4: 0 | T4: 20KG BAGS | U4: Import Container Damage/Short | V4: Marine Insuranse | W4: Import | X4: Final inspection report, which confirms that there are no damaged bags as previously reported Container NO: CAAU6382276 /BL 245672578
A5: 45630 | B5: S7 | C5: =TEXT(A5,"MMM") -> Dec | D5: =YEAR(A5) -> 2024 | E5: 4 | F5: 245672856 | G5: XI | H5: PZU-Bond area | I5: LE0001 | J5: LENTIL TAT 20KG | L5: 0 | M5: 0 | N5: 0 | O5: 0 | P5: 0 | Q5: 0 | R5: 0 | T5: 20KG BAGS | U5: Import Container Damage/Short | V5: Marine Insuranse | W5: Import | X5: Final inspection report, which confirms that there are no damaged bags as previously reported Container NO:MSKU0899606 /BL 245672856
A6: 45630 | B6: S7 | C6: =TEXT(A6,"MMM") -> Dec | D6: =YEAR(A6) -> 2024 | E6: 4 | F6: 245672856 | G6: XI | H6: PZU-Bond area | I6: LE0001 | J6: LENTIL TAT 20KG | L6: 21 | M6: 21 | N6: 0 | O6: 0 | P6: 21 | Q6: 0 | R6: 0 | T6: 20KG BAGS | U6: Import Container Damage/Short | V6: Marine Insuranse | W6: Import | X6: Shipment arrived Bond Area, Container NO: MVIU0022134 /BL 245672856-The damage quantity of rice in 20kg bags is (21 bags 20KG), having received 434,28 USD being the insurance claim amount.
A7: 45636 | B7: S7 | C7: =TEXT(A7,"MMM") -> Dec | D7: =YEAR(A7) -> 2024 | E7: 5 | F7: XERNSAPSZU1462425 | G7: XI | H7: PZU-Bond area | I7: RC0004 | J7: RICE LONG ELNGM 20K | L7: 25 | M7: 25 | N7: 0 | O7: 0 | P7: 0 | Q7: 25 | R7: 0 | T7: 20KG BAGS | U7: Import Container Damage/Short | V7: Marine Insuranse | W7: Import | X7: Shipment arrived Bond Area, Container NO:TEMU4187019 /BL XERNSAPSZU1462425 (14 bags), XERNSAPSZU1472425(11 bags) Total (25 bags). The damage quantity of rice in 20kg bags is 25 bags 20KG), case reject There is 0.5% excess payable for each claim (in this case $1826.55). Claim Value of 25 bags is less than 0.5% excess value hence insurance company has closed the file.
A8: 45682 | B8: S7 | C8: =TEXT(A8,"MMM") -> Jan | D8: =YEAR(A8) -> 2025 | E8: 6 | F8: 247070297 | G8: XI | H8: PZU | I8: LE0001 | J8: LENTIL TAT 20KG | L8: 45 | M8: 45 | N8: 45 | O8: 0 | P8: 0 | Q8: 0 | R8: 0 | T8: 20KG BAGS | U8: Import Container Damage/Short | V8: Marine Insuranse | W8: Import | X8: 45 bags found shortage at container BL:247070297 - MAEU247070297
A9: 45701 | B9: S7 | C9: =TEXT(A9,"MMM") -> Feb | D9: =YEAR(A9) -> 2025 | E9: 7 | F9: 248620904 | G9: XI | H9: PZU-Bond area | I9: LE0001 | J9: LENTIL TAT 20KG | L9: 54 | M9: 54 | N9: 54 | O9: 0 | P9: 0 | Q9: 0 | R9: 0 | T9: 20KG BAGS | U9: Import Container Damage/Short | V9: Marine Insuranse | W9: Import | X9: 54 bags found shortage at container BL:248620904
A10: 45703 | B10: S7 | C10: =TEXT(A10,"MMM") -> Feb | D10: =YEAR(A10) -> 2025 | E10: 8 | F10: 248619667 | G10: XI | H10: PZU-Bond area | I10: LE0001 | J10: LENTIL TAT 20KG | L10: 107 | M10: 107 | N10: 107 | O10: 0 | P10: 0 | Q10: 0 | R10: 0 | T10: 20KG BAGS | U10: Import Container Damage/Short | V10: Marine Insuranse | W10: Import | X10: 107 bags found shortage at container BL:248619667
A11: 45713 | B11: S7 | C11: =TEXT(A11,"MMM") -> Feb | D11: =YEAR(A11) -> 2025 | E11: 9 | F11: 248620255 | G11: XI | H11: PZU-Bond area | I11: LE0001 | J11: LENTIL TAT 20KG | L11: 55 | M11: 55 | N11: 55 | O11: 0 | P11: 0 | Q11: 0 | R11: 0 | T11: 20KG BAGS | U11: Import Container Damage/Short | V11: Marine Insuranse | W11: Import | X11: 55 bags found shortage at container BL:248620255
A12: 45714 | B12: S7 | C12: =TEXT(A12,"MMM") -> Feb | D12: =YEAR(A12) -> 2025 | E12: 10 | F12: 248621429 | G12: XI | H12: PZU-Bond area | I12: LE0001 | J12: LENTIL TAT 20KG | L12: 30 | M12: 30 | N12: 30 | O12: 0 | P12: 0 | Q12: 0 | R12: 0 | T12: 20KG BAGS | U12: Import Container Damage/Short | V12: Marine Insuranse | W12: Import | X12: 30 bags found shortage at container BL:248621429
A13: 45722 | B13: S7 | C13: =TEXT(A13,"MMM") -> Mar | D13: =YEAR(A13) -> 2025 | E13: 11 | F13: 248622146 | G13: E2 | H13: PZU | I13: LE0001 | J13: LENTIL TAT 20KG | L13: 62 | M13: 62 | N13: 62 | O13: 0 | P13: 0 | Q13: 0 | R13: 0 | T13: 20KG BAGS | U13: Import Container Damage/Short | V13: Marine Insuranse | W13: Import | X13: 62 bags found shortage at container BL:248622146
A14: 45745 | B14: S7 | C14: =TEXT(A14,"MMM") -> Mar | D14: =YEAR(A14) -> 2025 | E14: 12 | F14: 248623021 | G14: E2 | H14: PZU | I14: LE0001 | J14: LENTIL TAT 20KG | L14: 54 | M14: 54 | N14: 54 | O14: 0 | P14: 0 | Q14: 0 | R14: 0 | T14: 20KG BAGS | U14: Import Container Damage/Short | V14: Marine Insuranse | W14: Import | X14: 54 bags found shortage at container BL:248623021
A15: 45770 | B15: S7 | C15: =TEXT(A15,"MMM") -> Apr | D15: =YEAR(A15) -> 2025 | E15: 13 | F15: 248624161 | G15: XZ | H15: PZU | I15: LE0001 | J15: LENTIL TAT 20KG | L15: 28 | M15: 28 | N15: 28 | O15: 0 | P15: 0 | Q15: 0 | R15: 0 | T15: 20KG BAGS | U15: Import Container Damage/Short | V15: Marine Insuranse | W15: Import | X15: 28 bags found shortage at container BL:248624161
A16: 45770 | B16: S7 | C16: =TEXT(A16,"MMM") -> Apr | D16: =YEAR(A16) -> 2025 | E16: 14 | F16: 248623393 | G16: XZ | H16: PZU | I16: LE0001 | J16: LENTIL TAT 20KG | L16: 23 | M16: 23 | N16: 23 | O16: 0 | P16: 0 | Q16: 0 | R16: 0 | T16: 20KG BAGS | U16: Import Container Damage/Short | V16: Marine Insuranse | W16: Import | X16: 23 bags found shortage at container BL:248623393
A17: 45770 | B17: S7 | C17: =TEXT(A17,"MMM") -> Apr | D17: =YEAR(A17) -> 2025 | E17: 15 | F17: 248623928 | G17: XZ | H17: PZU | I17: LE0001 | J17: LENTIL TAT 20KG | L17: 33 | M17: 33 | N17: 33 | O17: 0 | P17: 0 | Q17: 0 | R17: 0 | T17: 20KG BAGS | U17: Import Container Damage/Short | V17: Marine Insuranse | W17: Import | X17: 33 bags found shortage at container BL:248623928
A18: 45860 | B18: S7 | C18: =TEXT(A18,"MMM") -> Jul | D18: =YEAR(A18) -> 2025 | E18: 16 | F18: CAEMER25262000 | G18: XI | H18: PZU-Bond area | I18: LE0001 | J18: LENTIL TAT 20KG | L18: 52 | M18: 52 | N18: 46 | O18: 0 | P18: 0 | Q18: 0 | R18: 0 | T18: 20KG BAGS | U18: Import Container Damage/Short | V18: Marine Insuranse | W18: Import | X18: 46 torn 6 wet bag during descharge CAEMER25262000
A19: 45860 | B19: S7 | C19: =TEXT(A19,"MMM") -> Jul | D19: =YEAR(A19) -> 2025 | E19: 17 | F19: CAEMER25262001 | G19: XI | H19: PZU-Bond area | I19: LE0001 | J19: LENTIL TAT 20KG | L19: 54 | M19: 54 | N19: 51 | O19: 0 | P19: 3 | Q19: 0 | R19: 0 | T19: 20KG BAGS | U19: Import Container Damage/Short | V19: Marine Insuranse | W19: Import | X19: 51 torn bag 3 wet bag during descharge CAEMER25262001
